Company	Order Date	Related Order	Customer	Customer/Sub Saluran Penjualan/Name	Product	Product Category	Unit of Measure	Qty Delivered	Qty Invoiced	Total	Untaxed Amount Invoiced	Invoice Status
SPP Banyuwangi	2026-09-23 17:25:00	SO/015/09/2026/27225	8620 - Perum BULOG	KANCAB/KANWIL	[MKLN001] Jasa Maklon	SERVICES	kg	0.00	343,050.00	123,154,950.00	123,154,950.00	Fully Invoiced
SPP Karawang	2026-09-23 16:20:05	SO/289/09/2026/27112	8640 - 14381 - PT Harja Gunatama Lestari	RITEL MODERN	[B0020185A] BERAS PREMIUM BEFOOD PUNOKAWAN 10 KG	BERAS JADI	Pcs	500.00	500.00	73,750,000.00		Fully Invoiced
SPP Karawang	2026-09-23 16:19:03	SO/288/09/2026/27112	8640 - 14381 - PT Harja Gunatama Lestari	RITEL MODERN	[B0020185A] BERAS PREMIUM BEFOOD PUNOKAWAN 10 KG	BERAS JADI	Pcs	275.00	275.00	40,562,500.00	40,562,500.00	Fully Invoiced
SPP Karawang	2026-09-23 16:18:06	SO/287/09/2026/27112	8640 - 14381 - PT Harja Gunatama Lestari	RITEL MODERN	[B0020185A] BERAS PREMIUM BEFOOD PUNOKAWAN 10 KG	BERAS JADI	Pcs	275.00	275.00	40,562,500.00	40,562,500.00	Fully Invoiced
SPP Karawang	2026-09-23 16:17:08	SO/286/09/2026/27112	8640 - 14381 - PT Harja Gunatama Lestari	RITEL MODERN	[B0020185A] BERAS PREMIUM BEFOOD PUNOKAWAN 10 KG	BERAS JADI	Pcs	350.00	350.00	51,625,000.00	51,625,000.00	Fully Invoiced
SPP Karawang	2026-09-23 16:15:56	SO/285/09/2026/27112	8640 - 14381 - PT Harja Gunatama Lestari	RITEL MODERN	[B0020185A] BERAS PREMIUM BEFOOD PUNOKAWAN 10 KG	BERAS JADI	Pcs	100.00	100.00	14,750,000.00	14,750,000.00	Fully Invoiced
SPP Karawang	2026-09-23 16:14:24	SO/284/09/2026/27112	8640 - 14381 - PT Harja Gunatama Lestari	RITEL MODERN	[B0020185A] BERAS PREMIUM BEFOOD PUNOKAWAN 10 KG	BERAS JADI	Pcs	300.00	300.00	44,250,000.00	44,250,000.00	Fully Invoiced
SPP Karawang	2026-09-23 16:10:27	SO/283/09/2026/27112	8640 - 14381 - PT Harja Gunatama Lestari	RITEL MODERN	[B0020185A] BERAS PREMIUM BEFOOD PUNOKAWAN 10 KG	BERAS JADI	Pcs	350.00	350.00	51,625,000.00	51,625,000.00	Fully Invoiced
SPP Karawang	2026-09-23 16:09:03	SO/282/09/2026/27112	8640 - 14381 - PT Harja Gunatama Lestari	RITEL MODERN	[B0020185A] BERAS PREMIUM BEFOOD PUNOKAWAN 10 KG	BERAS JADI	Pcs	350.00	350.00	51,625,000.00	51,625,000.00	Fully Invoiced
SPP Karawang	2026-09-23 16:07:51	SO/281/09/2026/27112	8640 - 14381 - PT Harja Gunatama Lestari	RITEL MODERN	[B0020185A] BERAS PREMIUM BEFOOD PUNOKAWAN 10 KG	BERAS JADI	Pcs	200.00	200.00	29,500,000.00	29,500,000.00	Fully Invoiced
SPP Karawang	2026-09-23 16:06:37	SO/280/09/2026/27112	8640 - 14381 - PT Harja Gunatama Lestari	RITEL MODERN	[B0020185A] BERAS PREMIUM BEFOOD PUNOKAWAN 10 KG	BERAS JADI	Pcs	300.00	300.00	44,250,000.00	44,250,000.00	Fully Invoiced
SPP Karawang	2026-09-23 16:05:38	SO/279/09/2026/27112	8640 - 14381 - PT Harja Gunatama Lestari	RITEL MODERN	[B0020185A] BERAS PREMIUM BEFOOD PUNOKAWAN 10 KG	BERAS JADI	Pcs	200.00	200.00	29,500,000.00	29,500,000.00	Fully Invoiced
SPP Karawang	2026-09-23 16:04:08	SO/278/09/2026/27112	8640 - 14381 - PT Harja Gunatama Lestari	RITEL MODERN	[B0020185A] BERAS PREMIUM BEFOOD PUNOKAWAN 10 KG	BERAS JADI	Pcs	150.00	150.00	22,125,000.00	22,125,000.00	Fully Invoiced
SPP Karawang	2026-09-23 16:00:11	SO/277/09/2026/27112	8640 - 14381 - PT Harja Gunatama Lestari	RITEL MODERN	[B0020185A] BERAS PREMIUM BEFOOD PUNOKAWAN 10 KG	BERAS JADI	Pcs	150.00	150.00	22,125,000.00	22,125,000.00	Fully Invoiced
SPP Karawang	2026-09-23 15:59:05	SO/276/09/2026/27112	8662 - 14410 - PT Griya Pratama (Yomart)	RITEL MODERN	[B0020185A] BERAS PREMIUM BEFOOD PUNOKAWAN 10 KG	BERAS JADI	Pcs	999.00	999.00	147,500,000.00	147,352,500.00	Fully Invoiced
SPP Karawang	2026-09-23 15:57:54	SO/275/09/2026/27112	8629 - 14387 - PT Inti Cakrawala Citra (Indogrosir Head Office) it	RITEL MODERN	[B0020185A] BERAS PREMIUM BEFOOD PUNOKAWAN 10 KG	BERAS JADI	Pcs	500.00	500.00	73,750,000.00	73,750,000.00	Fully Invoiced
SPP Karawang	2026-09-23 15:56:16	SO/274/09/2026/27112	8629 - 14387 - PT Inti Cakrawala Citra (Indogrosir Head Office) it	RITEL MODERN	[B0020185A] BERAS PREMIUM BEFOOD PUNOKAWAN 10 KG	BERAS JADI	Pcs	500.00	500.00	73,750,000.00	73,750,000.00	Fully Invoiced
SPP Karawang	2026-09-23 15:55:20	SO/273/09/2026/27112	8640 - 14381 - PT Harja Gunatama Lestari	RITEL MODERN	[B0020185A] BERAS PREMIUM BEFOOD PUNOKAWAN 10 KG	BERAS JADI	Pcs	250.00	250.00	36,875,000.00	36,875,000.00	Fully Invoiced
SPP Karawang	2026-09-23 15:53:12	SO/272/09/2026/27112	8640 - 14381 - PT Harja Gunatama Lestari	RITEL MODERN	[B0020185A] BERAS PREMIUM BEFOOD PUNOKAWAN 10 KG	BERAS JADI	Pcs	250.00	250.00	36,875,000.00	36,875,000.00	Fully Invoiced
SPP Karawang	2026-09-23 15:51:57	SO/271/09/2026/27112	8640 - 14381 - PT Harja Gunatama Lestari	RITEL MODERN	[B0020185A] BERAS PREMIUM BEFOOD PUNOKAWAN 10 KG	BERAS JADI	Pcs	500.00	500.00	73,750,000.00	73,750,000.00	Fully Invoiced
SPP Karawang	2026-09-23 15:46:18	SO/270/09/2026/27112	8640 - 14381 - PT Harja Gunatama Lestari	RITEL MODERN	[B0020185A] BERAS PREMIUM BEFOOD PUNOKAWAN 10 KG	BERAS JADI	Pcs	300.00	300.00	44,250,000.00	44,250,000.00	Fully Invoiced
SPP Karawang	2026-09-23 15:45:07	SO/269/09/2026/27112	8640 - 14381 - PT Harja Gunatama Lestari	RITEL MODERN	[B0020185A] BERAS PREMIUM BEFOOD PUNOKAWAN 10 KG	BERAS JADI	Pcs	350.00	350.00	51,625,000.00	51,625,000.00	Fully Invoiced
SPP Karawang	2026-09-23 15:42:57	SO/268/09/2026/27112	8640 - 14381 - PT Harja Gunatama Lestari	RITEL MODERN	[B0020185A] BERAS PREMIUM BEFOOD PUNOKAWAN 10 KG	BERAS JADI	Pcs	350.00	350.00	51,625,000.00	51,625,000.00	Fully Invoiced
SPP Karawang	2026-09-23 15:41:43	SO/267/09/2026/27112	8629 - 14387 - PT Inti Cakrawala Citra (Indogrosir Head Office) it	RITEL MODERN	[B0020186A] BERAS PREMIUM BEFOOD PUNOKAWAN 20 KG	BERAS JADI	Pcs	500.00	500.00	147,000,000.00	147,000,000.00	Fully Invoiced
SPP Karawang	2026-09-23 15:40:36	SO/266/09/2026/27112	8640 - 14381 - PT Harja Gunatama Lestari	RITEL MODERN	[B0020185A] BERAS PREMIUM BEFOOD PUNOKAWAN 10 KG	BERAS JADI	Pcs	250.00	250.00	36,875,000.00	36,875,000.00	Fully Invoiced
SPP Karawang	2026-09-23 15:38:09	SO/265/09/2026/27112	8640 - 14381 - PT Harja Gunatama Lestari	RITEL MODERN	[B0020185A] BERAS PREMIUM BEFOOD PUNOKAWAN 10 KG	BERAS JADI	Pcs	250.00	250.00	36,875,000.00	36,875,000.00	Fully Invoiced
SPP Karawang	2026-09-23 15:37:13	SO/264/09/2026/27112	8640 - 14381 - PT Harja Gunatama Lestari	RITEL MODERN	[B0020185A] BERAS PREMIUM BEFOOD PUNOKAWAN 10 KG	BERAS JADI	Pcs	250.00	250.00	36,875,000.00	36,875,000.00	Fully Invoiced
SPP Karawang	2026-09-23 15:35:27	SO/263/09/2026/27112	8640 - 14381 - PT Harja Gunatama Lestari	RITEL MODERN	[B0020185A] BERAS PREMIUM BEFOOD PUNOKAWAN 10 KG	BERAS JADI	Pcs	250.00	250.00	36,875,000.00	36,875,000.00	Fully Invoiced
SPP Karawang	2026-09-23 15:34:32	SO/262/09/2026/27112	8640 - 14381 - PT Harja Gunatama Lestari	RITEL MODERN	[B0020185A] BERAS PREMIUM BEFOOD PUNOKAWAN 10 KG	BERAS JADI	Pcs	300.00	300.00	44,250,000.00	44,250,000.00	Fully Invoiced
SPP Karawang	2026-09-23 15:33:17	SO/261/09/2026/27112	8640 - 14381 - PT Harja Gunatama Lestari	RITEL MODERN	[B0020185A] BERAS PREMIUM BEFOOD PUNOKAWAN 10 KG	BERAS JADI	Pcs	300.00	300.00	44,250,000.00	44,250,000.00	Fully Invoiced
SPB Jakarta	2026-09-23 15:33:07	SO/086/09/2026/27109	13947 - PT. LOTTE SHOPPING INDONESIA (LOTTE MART)	RITEL MODERN	[B0020185A] BERAS PREMIUM BEFOOD PUNOKAWAN 10 KG	BERAS JADI	Pcs	200.00	200.00	29,500,000.00	29,500,000.00	Fully Invoiced
SPP Karawang	2026-09-23 15:31:47	SO/260/09/2026/27112	8640 - 14381 - PT Harja Gunatama Lestari	RITEL MODERN	[B0020185A] BERAS PREMIUM BEFOOD PUNOKAWAN 10 KG	BERAS JADI	Pcs	400.00	400.00	59,000,000.00	59,000,000.00	Fully Invoiced
SPP Karawang	2026-09-23 15:30:02	SO/259/09/2026/27112	8640 - 14381 - PT Harja Gunatama Lestari	RITEL MODERN	[B0020185A] BERAS PREMIUM BEFOOD PUNOKAWAN 10 KG	BERAS JADI	Pcs	298.00	298.00	44,250,000.00	43,955,000.00	Fully Invoiced
SPB Jakarta	2026-09-23 15:29:27	SO/085/09/2026/27109	8883 - PT. Swalayan Sukses Abadi (Foodhall)	RITEL MODERN	[B0020185A] BERAS PREMIUM BEFOOD PUNOKAWAN 10 KG	BERAS JADI	Pcs	500.00	500.00	74,000,000.00	74,000,000.00	Fully Invoiced
SPP Karawang	2026-09-23 15:29:09	SO/258/09/2026/27112	8640 - 14381 - PT Harja Gunatama Lestari	RITEL MODERN	[B0020185A] BERAS PREMIUM BEFOOD PUNOKAWAN 10 KG	BERAS JADI	Pcs	300.00	300.00	44,250,000.00	44,250,000.00	Fully Invoiced
SPP Karawang	2026-09-23 15:27:59	SO/257/09/2026/27112	8640 - 14381 - PT Harja Gunatama Lestari	RITEL MODERN	[B0020185A] BERAS PREMIUM BEFOOD PUNOKAWAN 10 KG	BERAS JADI	Pcs	400.00	400.00	59,000,000.00	59,000,000.00	Fully Invoiced
SPP Karawang	2026-09-23 15:27:04	SO/256/09/2026/27112	8640 - 14381 - PT Harja Gunatama Lestari	RITEL MODERN	[B0020185A] BERAS PREMIUM BEFOOD PUNOKAWAN 10 KG	BERAS JADI	Pcs	250.00	250.00	36,875,000.00	36,875,000.00	Fully Invoiced
SPP Karawang	2026-09-23 15:25:04	SO/255/09/2026/27112	8640 - 14381 - PT Harja Gunatama Lestari	RITEL MODERN	[B0020185A] BERAS PREMIUM BEFOOD PUNOKAWAN 10 KG	BERAS JADI	Pcs	250.00	250.00	36,875,000.00	36,875,000.00	Fully Invoiced
SPP Karawang	2026-09-23 15:23:45	SO/254/09/2026/27112	8640 - 14381 - PT Harja Gunatama Lestari	RITEL MODERN	[B0020185A] BERAS PREMIUM BEFOOD PUNOKAWAN 10 KG	BERAS JADI	Pcs	500.00	500.00	73,750,000.00	73,750,000.00	Fully Invoiced
SPP Karawang	2026-09-23 15:22:26	SO/253/09/2026/27112	8640 - 14381 - PT Harja Gunatama Lestari	RITEL MODERN	[B0020185A] BERAS PREMIUM BEFOOD PUNOKAWAN 10 KG	BERAS JADI	Pcs	300.00	300.00	44,250,000.00	44,250,000.00	Fully Invoiced
SPP Karawang	2026-09-23 15:21:14	SO/252/09/2026/27112	8640 - 14381 - PT Harja Gunatama Lestari	RITEL MODERN	[B0020185A] BERAS PREMIUM BEFOOD PUNOKAWAN 10 KG	BERAS JADI	Pcs	350.00	350.00	51,625,000.00	51,625,000.00	Fully Invoiced
SPP Karawang	2026-09-23 15:20:17	SO/251/09/2026/27112	8640 - 14381 - PT Harja Gunatama Lestari	RITEL MODERN	[B0020185A] BERAS PREMIUM BEFOOD PUNOKAWAN 10 KG	BERAS JADI	Pcs	350.00	350.00	51,625,000.00	51,625,000.00	Fully Invoiced
SPP Karawang	2026-09-23 15:19:13	SO/250/09/2026/27112	8640 - 14381 - PT Harja Gunatama Lestari	RITEL MODERN	[B0020185A] BERAS PREMIUM BEFOOD PUNOKAWAN 10 KG	BERAS JADI	Pcs	400.00	400.00	59,000,000.00	59,000,000.00	Fully Invoiced
SPP Karawang	2026-09-23 15:18:07	SO/248/09/2026/27112	8640 - 14381 - PT Harja Gunatama Lestari	RITEL MODERN	[B0020185A] BERAS PREMIUM BEFOOD PUNOKAWAN 10 KG	BERAS JADI	Pcs	300.00	300.00	44,250,000.00	44,250,000.00	Fully Invoiced
SPP Karawang	2026-09-23 15:16:48	SO/247/09/2026/27112	8640 - 14381 - PT Harja Gunatama Lestari	RITEL MODERN	[B0020185A] BERAS PREMIUM BEFOOD PUNOKAWAN 10 KG	BERAS JADI	Pcs	300.00	300.00	44,250,000.00	44,250,000.00	Fully Invoiced
SPP Sragen	2026-09-23 15:16:48	SO/093/09/2026/27222	8620 - Perum BULOG	KANCAB/KANWIL	[MKLN001] Jasa Maklon	SERVICES	kg	0.00	375,000.00	56,250,000.00	56,250,000.00	Fully Invoiced
SPP Sragen	2026-09-23 15:16:40	SO/092/09/2026/27222	8620 - Perum BULOG	KANCAB/KANWIL	[MKLN001] Jasa Maklon	SERVICES	kg	0.00	375,000.00	56,250,000.00	56,250,000.00	Fully Invoiced
SPB Jakarta	2026-09-23 15:16:02	SO/084/09/2026/27109	8883 - PT. Swalayan Sukses Abadi (Foodhall)	RITEL MODERN	[B0020185A] BERAS PREMIUM BEFOOD PUNOKAWAN 10 KG	BERAS JADI	Pcs	500.00	500.00	74,000,000.00	74,000,000.00	Fully Invoiced
SPP Karawang	2026-09-23 15:15:14	SO/246/09/2026/27112	8640 - 14381 - PT Harja Gunatama Lestari	RITEL MODERN	[B0020185A] BERAS PREMIUM BEFOOD PUNOKAWAN 10 KG	BERAS JADI	Pcs	250.00	250.00	36,875,000.00	36,875,000.00	Fully Invoiced
SPB Jakarta	2026-09-23 15:11:24	SO/083/09/2026/27109	8883 - PT. Swalayan Sukses Abadi (Foodhall)	RITEL MODERN	[B0020185A] BERAS PREMIUM BEFOOD PUNOKAWAN 10 KG	BERAS JADI	Pcs	1,000.00	1,000.00	148,000,000.00	148,000,000.00	Fully Invoiced
SPP Karawang	2026-09-23 15:08:03	SO/245/09/2026/27112	8640 - 14381 - PT Harja Gunatama Lestari	RITEL MODERN	[B0020185A] BERAS PREMIUM BEFOOD PUNOKAWAN 10 KG	BERAS JADI	Pcs	248.00	248.00	36,875,000.00	36,580,000.00	Fully Invoiced
SPP Karawang	2026-09-23 15:07:10	SO/244/09/2026/27112	8640 - 14381 - PT Harja Gunatama Lestari	RITEL MODERN	[B0020185A] BERAS PREMIUM BEFOOD PUNOKAWAN 10 KG	BERAS JADI	Pcs	500.00	500.00	73,750,000.00	73,750,000.00	Fully Invoiced
SPB Jakarta	2026-09-23 15:07:10	SO/082/09/2026/27109	8635 - 14474 - PT. RAMAYANA LESTARI SENTOSA TBK (RAMAYANA)	RITEL MODERN	[B0020040A] BERAS PREMIUM PUNOKAWAN 5 KG	BERAS JADI	Pcs	80.00	80.00	5,880,000.00	5,880,000.00	Fully Invoiced
SPB Jakarta	2026-09-23 15:07:10	SO/082/09/2026/27109	8635 - 14474 - PT. RAMAYANA LESTARI SENTOSA TBK (RAMAYANA)	RITEL MODERN	[B0020049A] BERAS PREMIUM BEFOOD SETRA RAMOS 5 KG	BERAS JADI	Pcs	100.00	100.00	7,350,000.00	7,350,000.00	Fully Invoiced
SPB Jakarta	2026-09-23 15:07:10	SO/082/09/2026/27109	8635 - 14474 - PT. RAMAYANA LESTARI SENTOSA TBK (RAMAYANA)	RITEL MODERN	[B0020185A] BERAS PREMIUM BEFOOD PUNOKAWAN 10 KG	BERAS JADI	Pcs	100.00	100.00	14,750,000.00	14,750,000.00	Fully Invoiced
SPP Karawang	2026-09-23 15:06:10	SO/243/09/2026/27112	8640 - 14381 - PT Harja Gunatama Lestari	RITEL MODERN	[B0020185A] BERAS PREMIUM BEFOOD PUNOKAWAN 10 KG	BERAS JADI	Pcs	375.00	375.00	55,312,500.00	55,312,500.00	Fully Invoiced
SPP Karawang	2026-09-23 15:05:11	SO/242/09/2026/27112	8640 - 14381 - PT Harja Gunatama Lestari	RITEL MODERN	[B0020185A] BERAS PREMIUM BEFOOD PUNOKAWAN 10 KG	BERAS JADI	Pcs	375.00	375.00	55,312,500.00	55,312,500.00	Fully Invoiced
SPP Karawang	2026-09-23 15:04:17	SO/241/09/2026/27112	8640 - 14381 - PT Harja Gunatama Lestari	RITEL MODERN	[B0020185A] BERAS PREMIUM BEFOOD PUNOKAWAN 10 KG	BERAS JADI	Pcs	250.00	250.00	36,875,000.00	36,875,000.00	Fully Invoiced
SPB Jakarta	2026-09-23 15:04:05	SO/081/09/2026/27109	8633 - 14408 - PT MATAHARI PUTRA PRIMA TBK. (HYPERMART)	RITEL MODERN	[B0020185A] BERAS PREMIUM BEFOOD PUNOKAWAN 10 KG	BERAS JADI	Pcs	500.00	500.00	74,000,000.00	74,000,000.00	Fully Invoiced
SPP Karawang	2026-09-23 15:03:18	SO/240/09/2026/27112	8640 - 14381 - PT Harja Gunatama Lestari	RITEL MODERN	[B0020185A] BERAS PREMIUM BEFOOD PUNOKAWAN 10 KG	BERAS JADI	Pcs	300.00	300.00	44,250,000.00	44,250,000.00	Fully Invoiced
SPP Karawang	2026-09-23 15:02:20	SO/239/09/2026/27112	8640 - 14381 - PT Harja Gunatama Lestari	RITEL MODERN	[B0020185A] BERAS PREMIUM BEFOOD PUNOKAWAN 10 KG	BERAS JADI	Pcs	350.00	350.00	51,625,000.00	51,625,000.00	Fully Invoiced
SPP Karawang	2026-09-23 15:01:04	SO/238/09/2026/27112	8640 - 14381 - PT Harja Gunatama Lestari	RITEL MODERN	[B0020185A] BERAS PREMIUM BEFOOD PUNOKAWAN 10 KG	BERAS JADI	Pcs	350.00	350.00	51,625,000.00	51,625,000.00	Fully Invoiced
SPB Jakarta	2026-09-23 15:00:09	SO/080/09/2026/27109	8633 - 14408 - PT MATAHARI PUTRA PRIMA TBK. (HYPERMART)	RITEL MODERN	[B0020185A] BERAS PREMIUM BEFOOD PUNOKAWAN 10 KG	BERAS JADI	Pcs	500.00	500.00	74,000,000.00	74,000,000.00	Fully Invoiced
SPP Karawang	2026-09-23 14:58:03	SO/237/09/2026/27112	8640 - 14381 - PT Harja Gunatama Lestari	RITEL MODERN	[B0020185A] BERAS PREMIUM BEFOOD PUNOKAWAN 10 KG	BERAS JADI	Pcs	500.00	500.00	73,750,000.00	73,750,000.00	Fully Invoiced
SPP Sragen	2026-09-23 14:57:27	SO/091/09/2026/27222	8726 - SUSILO RUKMINI SSARI	PERORANGAN	[C0240001A] MENIR	PRODUK SAMPINGAN	kg	0.00	7,000.00	77,000,000.00	77,000,000.00	Fully Invoiced
SPP Sragen	2026-09-23 14:57:27	SO/091/09/2026/27222	8726 - SUSILO RUKMINI SSARI	PERORANGAN	[C0230001A] BROKEN	PRODUK SAMPINGAN	kg	0.00	2,000.00	24,400,000.00	24,400,000.00	Fully Invoiced
SPP Karawang	2026-09-23 14:50:55	SO/236/09/2026/27112	8640 - 14381 - PT Harja Gunatama Lestari	RITEL MODERN	[B0020185A] BERAS PREMIUM BEFOOD PUNOKAWAN 10 KG	BERAS JADI	Pcs	500.00	500.00	73,750,000.00	73,750,000.00	Fully Invoiced
SPB Jakarta	2026-09-23 14:48:51	SO/079/09/2026/27109	8629 - 14387 - PT Inti Cakrawala Citra (Indogrosir Head Office) it	RITEL MODERN	[B0020185A] BERAS PREMIUM BEFOOD PUNOKAWAN 10 KG	BERAS JADI	Pcs	400.00	400.00	59,200,000.00	59,200,000.00	Fully Invoiced
SPB Jakarta	2026-09-23 14:45:39	SO/078/09/2026/27109	8629 - 14387 - PT Inti Cakrawala Citra (Indogrosir Head Office) it	RITEL MODERN	[B0020185A] BERAS PREMIUM BEFOOD PUNOKAWAN 10 KG	BERAS JADI	Pcs	400.00	400.00	59,200,000.00	59,200,000.00	Fully Invoiced
SPP Sragen	2026-09-23 14:43:51	SO/088/09/2026/27222	8726 - SUSILO RUKMINI SSARI	PERORANGAN	[C0250001A] BEKATUL	PRODUK SAMPINGAN	kg	0.00	5,220.00	27,144,000.00	24,454,054.05	Fully Invoiced
SPP Sragen	2026-09-23 14:43:40	SO/087/09/2026/27222	13261 - ISDI PRIYONO	PERORANGAN	[C0230001A] BROKEN	PRODUK SAMPINGAN	kg	0.00	11,000.00	134,200,000.00	134,200,000.00	Fully Invoiced
SPP Sragen	2026-09-23 14:43:40	SO/087/09/2026/27222	13261 - ISDI PRIYONO	PERORANGAN	[C0300001A] BUTIR RIJEK	PRODUK SAMPINGAN	kg	0.00	8,400.00	61,320,000.00	61,320,000.00	Fully Invoiced
SPP Sragen	2026-09-23 14:43:30	SO/082/09/2026/27222	13363 - PT. PUTRA NGURIPI SRAGEN	CV/PT/SWASTA	[C0250001A] BEKATUL	PRODUK SAMPINGAN	kg	20,080.00	20,080.00	104,416,000.00	94,068,468.47	Fully Invoiced
SPB Jakarta	2026-09-23 14:38:48	SO/077/09/2026/27109	8700 - 14390 - PT. AEON INDONESIA	RITEL MODERN	[B0020185A] BERAS PREMIUM BEFOOD PUNOKAWAN 10 KG	BERAS JADI	Pcs	41.00	41.00	6,068,000.00	6,068,000.00	Fully Invoiced
SPB Jakarta	2026-09-23 14:34:49	SO/076/09/2026/27109	8700 - 14390 - PT. AEON INDONESIA	RITEL MODERN	[B0020185A] BERAS PREMIUM BEFOOD PUNOKAWAN 10 KG	BERAS JADI	Pcs	150.00	150.00	22,200,000.00	22,200,000.00	Fully Invoiced
SPB Jakarta	2026-09-23 14:21:38	SO/075/09/2026/27109	8700 - 14390 - PT. AEON INDONESIA	RITEL MODERN	[B0020185A] BERAS PREMIUM BEFOOD PUNOKAWAN 10 KG	BERAS JADI	Pcs	100.00	100.00	14,800,000.00	14,800,000.00	Fully Invoiced
SPB Jakarta	2026-09-23 14:08:11	SO/071/09/2026/27109	8645 - 14416 - HERO RETAIL NUSANTARA	RITEL MODERN	[B0020185A] BERAS PREMIUM BEFOOD PUNOKAWAN 10 KG	BERAS JADI	Pcs	99.00	99.00	14,652,000.00	14,652,000.00	Fully Invoiced
SPB Jakarta	2026-09-23 14:02:14	SO/073/09/2026/27109	8645 - 14416 - HERO RETAIL NUSANTARA	RITEL MODERN	[B0020185A] BERAS PREMIUM BEFOOD PUNOKAWAN 10 KG	BERAS JADI	Pcs	450.00	450.00	66,600,000.00	66,600,000.00	Fully Invoiced
SPP Sragen	2026-09-23 14:01:22	SO/086/09/2026/27222	14554 - Agus Adhi Setiawan	PERORANGAN	[C0250001A] BEKATUL	PRODUK SAMPINGAN	kg	4,710.00	4,710.00	24,492,000.00	22,064,864.86	Fully Invoiced
SPB Jakarta	2026-09-23 13:57:28	SO/090/09/2026/27109	8645 - 14416 - HERO RETAIL NUSANTARA	RITEL MODERN	[B0020185A] BERAS PREMIUM BEFOOD PUNOKAWAN 10 KG	BERAS JADI	Pcs	450.00	450.00	66,600,000.00	66,600,000.00	Fully Invoiced
SPP Sragen	2026-09-23 13:55:18	SO/083/09/2026/27222	14554 - Agus Adhi Setiawan	PERORANGAN	[C0240001A] MENIR	PRODUK SAMPINGAN	kg	1,200.00	1,200.00	13,200,000.00	13,200,000.00	Fully Invoiced
SPP Sragen	2026-09-23 13:55:18	SO/083/09/2026/27222	14554 - Agus Adhi Setiawan	PERORANGAN	[C0230001A] BROKEN	PRODUK SAMPINGAN	kg	1,800.00	1,800.00	21,960,000.00	21,960,000.00	Fully Invoiced
SPB Jakarta	2026-09-23 13:50:02	SO/089/09/2026/27109	8634 - 14392 - PT. MITRA BELANJA ANDA (Grand Lucky - PIK &MOI)	RITEL MODERN	[B0020185A] BERAS PREMIUM BEFOOD PUNOKAWAN 10 KG	BERAS JADI	Pcs	250.00	250.00	37,000,000.00	37,000,000.00	Fully Invoiced
SPB Jakarta	2026-09-23 13:43:44	SO/070/09/2026/27109	8634 - 14392 - PT. MITRA BELANJA ANDA (Grand Lucky - PIK &MOI)	RITEL MODERN	[B0020185A] BERAS PREMIUM BEFOOD PUNOKAWAN 10 KG	BERAS JADI	Pcs	59.00	59.00	8,732,000.00	8,732,000.00	Fully Invoiced
SPB Jakarta	2026-09-23 13:40:33	SO/069/09/2026/27109	8634 - 14392 - PT. MITRA BELANJA ANDA (Grand Lucky - PIK &MOI)	RITEL MODERN	[B0020185A] BERAS PREMIUM BEFOOD PUNOKAWAN 10 KG	BERAS JADI	Pcs	250.00	250.00	37,000,000.00	37,000,000.00	Fully Invoiced
SPB Jakarta	2026-09-23 13:37:21	SO/068/09/2026/27109	8634 - 14392 - PT. MITRA BELANJA ANDA (Grand Lucky - PIK &MOI)	RITEL MODERN	[B0020185A] BERAS PREMIUM BEFOOD PUNOKAWAN 10 KG	BERAS JADI	Pcs	250.00	250.00	37,000,000.00	37,000,000.00	Fully Invoiced
SPB Jakarta	2026-09-23 13:32:50	SO/067/09/2026/27109	8778 - 14494 - PT Lucky Strategis	RITEL MODERN	[B0020185A] BERAS PREMIUM BEFOOD PUNOKAWAN 10 KG	BERAS JADI	Pcs	125.00	125.00	18,500,000.00	18,500,000.00	Fully Invoiced
SPB Jakarta	2026-09-23 13:28:00	SO/066/09/2026/27109	8634 - 14392 - PT. MITRA BELANJA ANDA (Grand Lucky - PIK &MOI)	RITEL MODERN	[B0020185A] BERAS PREMIUM BEFOOD PUNOKAWAN 10 KG	BERAS JADI	Pcs	125.00	125.00	18,500,000.00	18,500,000.00	Fully Invoiced
SPP Bojonegoro	2026-09-23 13:23:13	SO/040/08/2026/27223	8645 - 14416 - HERO RETAIL NUSANTARA	RITEL MODERN	[B0020049A] BERAS PREMIUM BEFOOD SETRA RAMOS 5 KG	BERAS JADI	Pcs	200.00	200.00	14,780,000.00	14,780,000.00	Fully Invoiced
SPP Bojonegoro	2026-09-23 13:23:13	SO/040/08/2026/27223	8645 - 14416 - HERO RETAIL NUSANTARA	RITEL MODERN	[B0020040A] BERAS PREMIUM PUNOKAWAN 5 KG	BERAS JADI	Pcs	200.00	200.00	14,780,000.00	14,780,000.00	Fully Invoiced
SPB Jakarta	2026-09-23 13:21:00	SO/065/09/2026/27109	8701 - 14391 - Hokky Bersama (Grand Lucky-Radio Dalam)	RITEL MODERN	[B0020185A] BERAS PREMIUM BEFOOD PUNOKAWAN 10 KG	BERAS JADI	Pcs	250.00	250.00	37,000,000.00	37,000,000.00	Fully Invoiced
SPB Jakarta	2026-09-23 13:16:36	SO/064/09/2026/27109	8777 - 14393 - PT. HOKKY TE IT	RITEL MODERN	[B0020186A] BERAS PREMIUM BEFOOD PUNOKAWAN 20 KG	BERAS JADI	Pcs	90.00	90.00	26,460,000.00	26,460,000.00	Fully Invoiced
SPB Jakarta	2026-09-23 13:12:40	SO/063/09/2026/27109	8634 - 14392 - PT. MITRA BELANJA ANDA (Grand Lucky - PIK &MOI)	RITEL MODERN	[B0020185A] BERAS PREMIUM BEFOOD PUNOKAWAN 10 KG	BERAS JADI	Pcs	250.00	250.00	37,000,000.00	37,000,000.00	Fully Invoiced
SPB Jakarta	2026-09-23 13:09:03	SO/062/09/2026/27109	8778 - 14494 - PT Lucky Strategis	RITEL MODERN	[B0020185A] BERAS PREMIUM BEFOOD PUNOKAWAN 10 KG	BERAS JADI	Pcs	500.00	500.00	74,000,000.00	74,000,000.00	Fully Invoiced
SPB Jakarta	2026-09-23 13:03:30	SO/061/09/2026/27109	8634 - 14392 - PT. MITRA BELANJA ANDA (Grand Lucky - PIK &MOI)	RITEL MODERN	[B0020185A] BERAS PREMIUM BEFOOD PUNOKAWAN 10 KG	BERAS JADI	Pcs	500.00	500.00	74,000,000.00	74,000,000.00	Fully Invoiced
SPB Sidrap	2026-09-23 12:14:50	SO/080/09/2026/27307	8620 - Perum BULOG	KANCAB/KANWIL	[B0020185A] BERAS PREMIUM BEFOOD PUNOKAWAN 10 KG	BERAS JADI	Pcs	500.00	500.00	72,925,000.00	72,925,000.00	Fully Invoiced
SPP Lampung	2026-09-23 11:58:29	SO/049/09/2026/27113	13535 - PT. MIDI UTAMA INDONESIA,TBK (Alfamidi)	RITEL MODERN	[B0020185A] BERAS PREMIUM BEFOOD PUNOKAWAN 10 KG	BERAS JADI	Pcs	1,000.00	1,000.00	147,131,250.00	147,131,250.00	Fully Invoiced
SPP Lampung	2026-09-23 11:56:53	SO/046/09/2026/27113	13535 - PT. MIDI UTAMA INDONESIA,TBK (Alfamidi)	RITEL MODERN	[B0020185A] BERAS PREMIUM BEFOOD PUNOKAWAN 10 KG	BERAS JADI	Pcs	1,000.00	1,000.00	147,131,250.00	147,131,250.00	Fully Invoiced
SPP Banyuwangi	2026-09-23 11:56:33	SO/014/09/2026/27225	8620 - Perum BULOG	KANCAB/KANWIL	[MKLN001] Jasa Maklon	SERVICES	kg	0.00	1,227,320.00	184,098,000.00	184,098,000.00	Fully Invoiced
SPB Jakarta	2026-09-23 11:24:47	SO/060/09/2026/27109	8634 - 14392 - PT. MITRA BELANJA ANDA (Grand Lucky - PIK &MOI)	RITEL MODERN	[B0020185A] BERAS PREMIUM BEFOOD PUNOKAWAN 10 KG	BERAS JADI	Pcs	200.00	200.00	29,600,000.00	29,600,000.00	Fully Invoiced
SPB Jakarta	2026-09-23 11:20:42	SO/059/09/2026/27109	8777 - 14393 - PT. HOKKY TE IT	RITEL MODERN	[B0020185A] BERAS PREMIUM BEFOOD PUNOKAWAN 10 KG	BERAS JADI	Pcs	100.00	100.00	14,800,000.00	14,800,000.00	Fully Invoiced
SPB Jakarta	2026-09-23 11:16:11	SO/058/09/2026/27109	8777 - 14393 - PT. HOKKY TE IT	RITEL MODERN	[B0020185A] BERAS PREMIUM BEFOOD PUNOKAWAN 10 KG	BERAS JADI	Pcs	200.00	200.00	29,600,000.00	29,600,000.00	Fully Invoiced
SPB Jakarta	2026-09-23 11:07:24	SO/057/09/2026/27109	8777 - 14393 - PT. HOKKY TE IT	RITEL MODERN	[B0020186A] BERAS PREMIUM BEFOOD PUNOKAWAN 20 KG	BERAS JADI	Pcs	10.00	10.00	2,940,000.00	2,940,000.00	Fully Invoiced
SPB Jakarta	2026-09-23 10:56:07	SO/056/09/2026/27109	8634 - 14392 - PT. MITRA BELANJA ANDA (Grand Lucky - PIK &MOI)	RITEL MODERN	[B0020185A] BERAS PREMIUM BEFOOD PUNOKAWAN 10 KG	BERAS JADI	Pcs	250.00	250.00	37,000,000.00	37,000,000.00	Fully Invoiced
SPB Jakarta	2026-09-23 10:50:18	SO/055/09/2026/27109	8701 - 14391 - Hokky Bersama (Grand Lucky-Radio Dalam)	RITEL MODERN	[B0020185A] BERAS PREMIUM BEFOOD PUNOKAWAN 10 KG	BERAS JADI	Pcs	125.00	125.00	18,500,000.00	18,500,000.00	Fully Invoiced
SPB Jakarta	2026-09-23 10:45:52	SO/054/09/2026/27109	8778 - 14494 - PT Lucky Strategis	RITEL MODERN	[B0020185A] BERAS PREMIUM BEFOOD PUNOKAWAN 10 KG	BERAS JADI	Pcs	125.00	125.00	18,500,000.00	18,500,000.00	Fully Invoiced
SPB Jakarta	2026-09-23 10:39:56	SO/053/09/2026/27109	8634 - 14392 - PT. MITRA BELANJA ANDA (Grand Lucky - PIK &MOI)	RITEL MODERN	[B0020185A] BERAS PREMIUM BEFOOD PUNOKAWAN 10 KG	BERAS JADI	Pcs	100.00	100.00	14,800,000.00	14,800,000.00	Fully Invoiced
UP Candirejo	2026-09-23 10:38:04	SO/015/09/2026/27213	8904 - MUHAMMAD NUR ABIL HAQIQ	PERORANGAN	[A0040035A] BERAS BAHAN BAKU BERAS PECAH KULIT POLOS 50 KG	BERAS BAHAN BAKU	Pcs	400.00	400.00	244,000,000.00	244,000,000.00	Fully Invoiced
SPP Subang	2026-09-23 10:35:50	SO/144/09/2026/27111	8662 - 14410 - PT Griya Pratama (Yomart)	RITEL MODERN	[B0020185A] BERAS PREMIUM BEFOOD PUNOKAWAN 10 KG	BERAS JADI	Pcs	1,000.00	1,000.00	147,500,000.00	147,500,000.00	Fully Invoiced
SPP Subang	2026-09-23 10:35:16	SO/143/09/2026/27111	8639 - 14384 - MTI_PT. AKUR PRATAMA (YOGYA GROUP) - BANDUNG	RITEL MODERN	[B0020185A] BERAS PREMIUM BEFOOD PUNOKAWAN 10 KG	BERAS JADI	Pcs	999.00	999.00	147,500,000.00	147,352,500.00	Fully Invoiced
SPP Subang	2026-09-23 10:34:50	SO/142/09/2026/27111	8646 - 14411 - PT. AKUR PRATAMA (YOGYA GROUP) CIREBON	RITEL MODERN	[B0020185A] BERAS PREMIUM BEFOOD PUNOKAWAN 10 KG	BERAS JADI	Pcs	1,000.00	1,000.00	147,500,000.00	147,500,000.00	Fully Invoiced
SPP Subang	2026-09-23 10:34:14	SO/140/09/2026/27111	8662 - 14410 - PT Griya Pratama (Yomart)	RITEL MODERN	[B0020185A] BERAS PREMIUM BEFOOD PUNOKAWAN 10 KG	BERAS JADI	Pcs	1,000.00	1,000.00	147,500,000.00	147,500,000.00	Fully Invoiced
SPP Subang	2026-09-23 10:33:36	SO/139/09/2026/27111	8629 - 14387 - PT Inti Cakrawala Citra (Indogrosir Head Office) it	RITEL MODERN	[B0020185A] BERAS PREMIUM BEFOOD PUNOKAWAN 10 KG	BERAS JADI	Pcs	1,000.00	1,000.00	147,500,000.00	147,500,000.00	Fully Invoiced
SPP Subang	2026-09-23 10:33:01	SO/138/09/2026/27111	8628 - 14385 - PT INDOMARCO PRISMATAMA	RITEL MODERN	[B0020185A] BERAS PREMIUM BEFOOD PUNOKAWAN 10 KG	BERAS JADI	Pcs	1,000.00	1,000.00	147,500,000.00	147,500,000.00	Fully Invoiced
SPP Subang	2026-09-23 10:31:42	SO/134/09/2026/27111	8639 - 14384 - MTI_PT. AKUR PRATAMA (YOGYA GROUP) - BANDUNG	RITEL MODERN	[B0020186A] BERAS PREMIUM BEFOOD PUNOKAWAN 20 KG	BERAS JADI	Pcs	25.00	25.00	7,300,000.00	7,300,000.00	Fully Invoiced
SPP Subang	2026-09-23 10:31:04	SO/133/09/2026/27111	8639 - 14384 - MTI_PT. AKUR PRATAMA (YOGYA GROUP) - BANDUNG	RITEL MODERN	[B0020185A] BERAS PREMIUM BEFOOD PUNOKAWAN 10 KG	BERAS JADI	Pcs	1,000.00	1,000.00	147,500,000.00	147,500,000.00	Fully Invoiced
SPP Subang	2026-09-23 10:30:08	SO/132/09/2026/27111	8639 - 14384 - MTI_PT. AKUR PRATAMA (YOGYA GROUP) - BANDUNG	RITEL MODERN	[B0020185A] BERAS PREMIUM BEFOOD PUNOKAWAN 10 KG	BERAS JADI	Pcs	1,000.00	1,000.00	147,500,000.00	147,500,000.00	Fully Invoiced
SPP Subang	2026-09-23 10:29:29	SO/130/09/2026/27111	8639 - 14384 - MTI_PT. AKUR PRATAMA (YOGYA GROUP) - BANDUNG	RITEL MODERN	[B0020185A] BERAS PREMIUM BEFOOD PUNOKAWAN 10 KG	BERAS JADI	Pcs	999.00	999.00	147,500,000.00	147,352,500.00	Fully Invoiced
SPP Subang	2026-09-23 10:28:55	SO/129/09/2026/27111	8639 - 14384 - MTI_PT. AKUR PRATAMA (YOGYA GROUP) - BANDUNG	RITEL MODERN	[B0020185A] BERAS PREMIUM BEFOOD PUNOKAWAN 10 KG	BERAS JADI	Pcs	999.00	999.00	147,500,000.00	147,352,500.00	Fully Invoiced
SPP Subang	2026-09-23 10:28:25	SO/128/09/2026/27111	8900 - 14409 - MTI_PT AKUR PRATAMA (YOGYA GROUP) BOGOR DC KAYU MANIS	RITEL MODERN	[B0020185A] BERAS PREMIUM BEFOOD PUNOKAWAN 10 KG	BERAS JADI	Pcs	999.00	999.00	147,500,000.00	147,352,500.00	Fully Invoiced
SPP Subang	2026-09-23 10:27:37	SO/125/09/2026/27111	8628 - 14385 - PT INDOMARCO PRISMATAMA	RITEL MODERN	[B0020185A] BERAS PREMIUM BEFOOD PUNOKAWAN 10 KG	BERAS JADI	Pcs	1,000.00	1,000.00	147,500,000.00	147,500,000.00	Fully Invoiced
SPB Jakarta	2026-09-23 10:27:16	SO/052/09/2026/27109	8634 - 14392 - PT. MITRA BELANJA ANDA (Grand Lucky - PIK &MOI)	RITEL MODERN	[B0020185A] BERAS PREMIUM BEFOOD PUNOKAWAN 10 KG	BERAS JADI	Pcs	150.00	150.00	22,200,000.00	22,200,000.00	Fully Invoiced
SPP Subang	2026-09-23 10:26:52	SO/136/09/2026/27111	8639 - 14384 - MTI_PT. AKUR PRATAMA (YOGYA GROUP) - BANDUNG	RITEL MODERN	[B0020185A] BERAS PREMIUM BEFOOD PUNOKAWAN 10 KG	BERAS JADI	Pcs	1,000.00	1,000.00	147,500,000.00	147,500,000.00	Fully Invoiced
SPP Subang	2026-09-23 10:26:13	SO/122/09/2026/27111	8896 - 14396 - PT LION SUPER INDO DC CIKARANG	RITEL MODERN	[B0020185A] BERAS PREMIUM BEFOOD PUNOKAWAN 10 KG	BERAS JADI	Pcs	1,000.00	1,000.00	147,630,000.00	147,630,000.00	Fully Invoiced
UP Bantul	2026-09-23 09:48:59	SO/007/09/2026/27210	8620 - Perum BULOG	KANCAB/KANWIL	[MKLN001] Jasa Maklon	SERVICES	kg	0.00	600,000.00	90,000,000.00	90,000,000.00	Fully Invoiced
SPB Makassar	2026-09-23 08:45:41	SO/282/09/2026/27306	14553 - ALWI	PERORANGAN	[B0020167A] BERAS PREMIUM MALLOPI 10 KG	BERAS JADI	Pcs	3.00	3.00	441,000.00	441,000.00	Fully Invoiced
SPB Makassar	2026-09-23 08:45:41	SO/282/09/2026/27306	14553 - ALWI	PERORANGAN	[B0020040A] BERAS PREMIUM PUNOKAWAN 5 KG	BERAS JADI	Pcs	3.00	3.00	222,000.00	222,000.00	Fully Invoiced
SPB Makassar	2026-09-23 08:45:41	SO/282/09/2026/27306	14553 - ALWI	PERORANGAN	[B0020185A] BERAS PREMIUM BEFOOD PUNOKAWAN 10 KG	BERAS JADI	Pcs	2.00	2.00	294,000.00	294,000.00	Fully Invoiced
SPB Makassar	2026-09-23 08:45:41	SO/282/09/2026/27306	14553 - ALWI	PERORANGAN	[B0020186A] BERAS PREMIUM BEFOOD PUNOKAWAN 20 KG	BERAS JADI	Pcs	18.00	18.00	5,292,000.00	5,292,000.00	Fully Invoiced
SPB Makassar	2026-09-23 08:32:46	SO/281/09/2026/27306	8682 - TOKO CAHAYA SOPPENG	TOKO/AGEN	[B0020049A] BERAS PREMIUM BEFOOD SETRA RAMOS 5 KG	BERAS JADI	Pcs	308.00	308.00	22,484,000.00	22,484,000.00	Fully Invoiced
SPB Sukoharjo	2026-09-22 17:51:27	SO/085/09/2026/27218	8824 - 9374 - SUPARMAN	PERORANGAN	[C0250001A] BEKATUL	PRODUK SAMPINGAN	kg	1,000.00	1,000.00	5,400,000.00	4,864,864.86	Fully Invoiced
SPB Sukoharjo	2026-09-22 17:49:26	SO/084/09/2026/27218	14359 - Suparti	PERORANGAN	[C0240001A] MENIR	PRODUK SAMPINGAN	kg	9,570.00	9,570.00	51,678,000.00	51,678,000.00	Fully Invoiced
SPB Sukoharjo	2026-09-22 17:47:06	SO/082/09/2026/27218	8975 - Mohammad Ipung Zuana	PERORANGAN	[C0230001A] BROKEN	PRODUK SAMPINGAN	kg	19,000.00	19,000.00	233,700,000.00	233,700,000.00	Fully Invoiced
SPB Sukoharjo	2026-09-22 17:45:34	SO/081/09/2026/27218	13745 - ACHMAD SYAUQI FUADY	PERORANGAN	[C0300001A] BUTIR RIJEK	PRODUK SAMPINGAN	kg	5,000.00	5,000.00	40,000,000.00	40,000,000.00	Fully Invoiced
SPB Sukoharjo	2026-09-22 17:40:53	SO/083/09/2026/27218	14359 - Suparti	PERORANGAN	[C0240001A] MENIR	PRODUK SAMPINGAN	kg	3,380.00	3,380.00	37,180,000.00	37,180,000.00	Fully Invoiced
SPP Magetan	2026-09-22 16:50:24	SO/061/09/2026/27226	8696 - Agung Setiawan	PERORANGAN	[C0240001A] MENIR	PRODUK SAMPINGAN	kg	0.00	5,500.00	49,500,000.00	49,500,000.00	Fully Invoiced
SPP Karawang	2026-09-22 16:45:48	SO/319/09/2026/27112	13320 - CV DWIKARYA AGRO SINERGI	PT/CV/SWASTA	[C0300001A] BUTIR RIJEK	PRODUK SAMPINGAN	kg	0.00	4,400.00	28,600,000.00		Fully Invoiced
SPP Karawang	2026-09-22 16:45:48	SO/319/09/2026/27112	13320 - CV DWIKARYA AGRO SINERGI	PT/CV/SWASTA	[C0240001A] MENIR	PRODUK SAMPINGAN	kg	0.00	5,600.00	47,600,000.00		Fully Invoiced
SPP Karawang	2026-09-22 16:45:48	SO/319/09/2026/27112	13320 - CV DWIKARYA AGRO SINERGI	PT/CV/SWASTA	[C0250001A] BEKATUL	PRODUK SAMPINGAN	kg	0.00	71,620.00	322,290,000.00		Fully Invoiced
SPP Magetan	2026-09-22 16:32:13	SO/060/09/2026/27226	8620 - Perum BULOG	KANCAB/KANWIL	[B0020185A] BERAS PREMIUM BEFOOD PUNOKAWAN 10 KG	BERAS JADI	Pcs	180.00	180.00	26,253,000.00	26,253,000.00	Fully Invoiced
SPP Magetan	2026-09-22 16:23:21	SO/059/09/2026/27226	8899 - FERDIAN TRIE A	PERORANGAN	[B0020016A] BERAS PREMIUM POLOS 50 KG	BERAS JADI	Pcs	64.00	64.00	46,400,000.00	46,400,000.00	Fully Invoiced
SPB Lombok Timur	2026-09-22 16:10:59	SO/052/09/2026/27310	8911 - UD. TEKAD SEJAHTERA	PT/CV/SWASTA	[B0020049A] BERAS PREMIUM BEFOOD SETRA RAMOS 5 KG	BERAS JADI	Pcs	762.00	762.00	56,007,000.00	56,007,000.00	Fully Invoiced
SPB Lombok Timur	2026-09-22 16:10:59	SO/052/09/2026/27310	8911 - UD. TEKAD SEJAHTERA	PT/CV/SWASTA	[B0020040A] BERAS PREMIUM PUNOKAWAN 5 KG	BERAS JADI	Pcs	599.00	599.00	44,026,500.00	44,026,500.00	Fully Invoiced
SPB Lombok Timur	2026-09-22 16:09:26	SO/051/09/2026/27310	13270 - M. RIZALUL HATIM	PERORANGAN	[C0300001A] BUTIR RIJEK	PRODUK SAMPINGAN	kg	1,075.00	1,075.00	5,912,500.00	5,912,500.00	Fully Invoiced
SPB Lombok Timur	2026-09-22 16:06:40	SO/050/09/2026/27310	3652 - MUHAMMAD DEDI	PERORANGAN	[C0250001A] BEKATUL	PRODUK SAMPINGAN	kg	4,173.00	4,173.00	19,613,100.00	17,669,459.46	Fully Invoiced
SPB Lombok Timur	2026-09-22 16:06:12	SO/049/09/2026/27310	14632 - HAJJAH B. MINAWATI	TOKO/AGEN	[C0240001A] MENIR	PRODUK SAMPINGAN	kg	1,493.00	1,493.00	12,690,500.00	12,690,500.00	Fully Invoiced
SPB Lombok Timur	2026-09-22 15:59:31	SO/048/09/2026/27310	14006 - PT. Sumber Agung Agronesia	CV/PT/SWASTA	[C0230001A] BROKEN	PRODUK SAMPINGAN	kg	5,909.00	5,909.00	69,726,200.00	69,726,200.00	Fully Invoiced
SPP Magetan	2026-09-22 15:39:41	SO/057/09/2026/27226	13245 - SAT_PT SUMBER ALFARIA TRIJAYA DC MADIUN	RITEL MODERN	[B0020185A] BERAS PREMIUM BEFOOD PUNOKAWAN 10 KG	BERAS JADI	Pcs	2,996.00	2,996.00	441,910,000.00	441,910,000.00	Fully Invoiced
UP Lancirang	2026-09-22 15:26:34	SO/002/09/2026/27302	3391 - CV MITRA BIRING SEJAHTERA	PT/CV/SWASTA	[C0240001A] MENIR	PRODUK SAMPINGAN	kg	86.00	86.00	559,000.00	559,000.00	Fully Invoiced
UP Lancirang	2026-09-22 15:26:34	SO/002/09/2026/27302	3391 - CV MITRA BIRING SEJAHTERA	PT/CV/SWASTA	[C0230001A] BROKEN	PRODUK SAMPINGAN	kg	300.00	300.00	3,000,000.00	3,000,000.00	Fully Invoiced
UP Lancirang	2026-09-22 15:26:34	SO/002/09/2026/27302	3391 - CV MITRA BIRING SEJAHTERA	PT/CV/SWASTA	[C0300001A] BUTIR RIJEK	PRODUK SAMPINGAN	kg	24.00	24.00	108,000.00	108,000.00	Fully Invoiced
UP Lancirang	2026-09-22 15:26:34	SO/002/09/2026/27302	3391 - CV MITRA BIRING SEJAHTERA	PT/CV/SWASTA	[C0250001A] BEKATUL	PRODUK SAMPINGAN	kg	1,456.00	1,456.00	5,824,000.00	5,246,846.85	Fully Invoiced
SPP Bojonegoro	2026-09-22 15:07:09	SO/050/09/2026/27223	8744 - 14423 - IDM_PT INDOMARCO PRISMATAMA DC GRESIK	RITEL MODERN	[B0020145A] BERAS PREMIUM BEFOOD SLYP SUPER 5 KG	BERAS JADI	Pcs	2,000.00	2,000.00	148,000,000.00	148,000,000.00	Fully Invoiced
SPP Bojonegoro	2026-09-22 15:07:04	SO/049/09/2026/27223	8745 - 14400 - IDM_PT INDOMARCO PRISMATAMA DEPO GRESIK	RITEL MODERN	[B0020145A] BERAS PREMIUM BEFOOD SLYP SUPER 5 KG	BERAS JADI	Pcs	2,000.00	2,000.00	148,000,000.00	148,000,000.00	Fully Invoiced
SPP Bojonegoro	2026-09-22 15:07:00	SO/048/09/2026/27223	9008 - PT Megah Daya Inti Harapan	RITEL MODERN	[B0020040A] BERAS PREMIUM PUNOKAWAN 5 KG	BERAS JADI	Pcs	2,000.00	2,000.00	148,000,000.00	148,000,000.00	Fully Invoiced
SPP Bojonegoro	2026-09-22 14:05:37	SO/047/09/2026/27223	8666 - 14424 - PT Matahari Putra Prima (Hypermart) DC Porong	RITEL MODERN	[B0020185A] BERAS PREMIUM BEFOOD PUNOKAWAN 10 KG	BERAS JADI	Pcs	17.00	17.00	2,516,000.00	2,516,000.00	Fully Invoiced
SPP Bojonegoro	2026-09-22 14:05:29	SO/046/09/2026/27223	8666 - 14424 - PT Matahari Putra Prima (Hypermart) DC Porong	RITEL MODERN	[B0020040A] BERAS PREMIUM PUNOKAWAN 5 KG	BERAS JADI	Pcs	715.00	715.00	52,910,000.00	52,910,000.00	Fully Invoiced
SPP Bojonegoro	2026-09-22 14:05:29	SO/046/09/2026/27223	8666 - 14424 - PT Matahari Putra Prima (Hypermart) DC Porong	RITEL MODERN	[B0020049A] BERAS PREMIUM BEFOOD SETRA RAMOS 5 KG	BERAS JADI	Pcs	340.00	340.00	25,160,000.00	25,160,000.00	Fully Invoiced
SPP Bojonegoro	2026-09-22 13:59:47	SO/045/09/2026/27223	8666 - 14424 - PT Matahari Putra Prima (Hypermart) DC Porong	RITEL MODERN	[B0020049A] BERAS PREMIUM BEFOOD SETRA RAMOS 5 KG	BERAS JADI	Pcs	2,000.00	2,000.00	148,000,000.00	148,000,000.00	Fully Invoiced
SPP Bojonegoro	2026-09-22 13:59:47	SO/045/09/2026/27223	8666 - 14424 - PT Matahari Putra Prima (Hypermart) DC Porong	RITEL MODERN	[B0020040A] BERAS PREMIUM PUNOKAWAN 5 KG	BERAS JADI	Pcs	2,000.00	2,000.00	148,000,000.00	148,000,000.00	Fully Invoiced
SPB Makassar	2026-09-22 13:00:50	SO/280/09/2026/27306	8620 - Perum BULOG	KANCAB/KANWIL	[B0020040A] BERAS PREMIUM PUNOKAWAN 5 KG	BERAS JADI	Pcs	400.00	400.00	29,700,000.00	29,700,000.00	Fully Invoiced
SPB Makassar	2026-09-22 12:44:21	SO/279/09/2026/27306	8620 - Perum BULOG	KANCAB/KANWIL	[B0020040A] BERAS PREMIUM PUNOKAWAN 5 KG	BERAS JADI	Pcs	600.00	600.00	44,247,000.00	44,247,000.00	Fully Invoiced
SPB Makassar	2026-09-22 12:35:34	SO/278/09/2026/27306	8620 - Perum BULOG	KANCAB/KANWIL	[B0020185A] BERAS PREMIUM BEFOOD PUNOKAWAN 10 KG	BERAS JADI	Pcs	400.00	400.00	58,340,000.00	58,340,000.00	Fully Invoiced
SPB Makassar	2026-09-22 12:20:35	SO/277/09/2026/27306	8620 - Perum BULOG	KANCAB/KANWIL	[B0020185A] BERAS PREMIUM BEFOOD PUNOKAWAN 10 KG	BERAS JADI	Pcs	200.00	200.00	29,170,000.00	29,170,000.00	Fully Invoiced
SPB Sidrap	2026-09-22 11:39:04	SO/079/09/2026/27307	8797 - PB. SYUKUR 27307	PT/CV/SWASTA	[C0230001A] BROKEN	PRODUK SAMPINGAN	kg	6,763.00	6,763.00	71,011,500.00	71,011,500.00	Fully Invoiced
SPB Sidrap	2026-09-22 11:39:04	SO/079/09/2026/27307	8797 - PB. SYUKUR 27307	PT/CV/SWASTA	[C0240001A] MENIR	PRODUK SAMPINGAN	kg	5,872.00	5,872.00	44,040,000.00	44,040,000.00	Fully Invoiced
SPB Sidrap	2026-09-22 11:39:04	SO/079/09/2026/27307	8797 - PB. SYUKUR 27307	PT/CV/SWASTA	[C0300001A] BUTIR RIJEK	PRODUK SAMPINGAN	kg	303.00	303.00	1,363,500.00	1,363,500.00	Fully Invoiced
SPB Sidrap	2026-09-22 11:39:04	SO/079/09/2026/27307	8797 - PB. SYUKUR 27307	PT/CV/SWASTA	[B0020049A] BERAS PREMIUM BEFOOD SETRA RAMOS 5 KG	BERAS JADI	Pcs	10.00	10.00	745,000.00	745,000.00	Fully Invoiced
SPB Sidrap	2026-09-22 11:39:04	SO/079/09/2026/27307	8797 - PB. SYUKUR 27307	PT/CV/SWASTA	[B0020187A] BERAS PREMIUM BEFOOD PUNOKAWAN 25 KG	BERAS JADI	Pcs	22.00	22.00	8,195,000.00	8,195,000.00	Fully Invoiced
SPB Sidrap	2026-09-22 11:39:04	SO/079/09/2026/27307	8797 - PB. SYUKUR 27307	PT/CV/SWASTA	[C0250001A] BEKATUL	PRODUK SAMPINGAN	kg	1,432.00	1,432.00	5,012,000.00	4,515,315.32	Fully Invoiced
SPB Sidrap	2026-09-22 11:39:04	SO/079/09/2026/27307	8797 - PB. SYUKUR 27307	PT/CV/SWASTA	[B0020185A] BERAS PREMIUM BEFOOD PUNOKAWAN 10 KG	BERAS JADI	Pcs	5.00	5.00	745,000.00	745,000.00	Fully Invoiced
SPP Subang	2026-09-22 10:26:43	SO/146/09/2026/27111	8620 - Perum BULOG	KANCAB/KANWIL	[B0020185A] BERAS PREMIUM BEFOOD PUNOKAWAN 10 KG	BERAS JADI	Pcs	650.00	650.00	95,875,000.00	95,875,000.00	Fully Invoiced
SPP Subang	2026-09-22 10:26:36	SO/145/09/2026/27111	8620 - Perum BULOG	KANCAB/KANWIL	[B0020186A] BERAS PREMIUM BEFOOD PUNOKAWAN 20 KG	BERAS JADI	Pcs	175.00	175.00	51,275,000.00	51,275,000.00	Fully Invoiced
SPP Subang	2026-09-22 09:46:32	SO/141/09/2026/27111	14539 - PT FABULOUS AGRO MANDIRI	PT/CV/SWASTA	[B0020185A] BERAS PREMIUM BEFOOD PUNOKAWAN 10 KG	BERAS JADI	Pcs	1,000.00	1,000.00	147,000,000.00	147,000,000.00	Fully Invoiced
SPP Sragen	2026-09-22 09:10:02	SO/081/09/2026/27222	8653 - 14425 - IDM_PT INDOMARCO PRISMATAMA DC JOMBANG	RITEL MODERN	[B0020185A] BERAS PREMIUM BEFOOD PUNOKAWAN 10 KG	BERAS JADI	Pcs	533.00	533.00	78,617,500.00	78,617,500.00	Fully Invoiced
SPP Sragen	2026-09-22 09:09:56	SO/080/09/2026/27222	8653 - 14425 - IDM_PT INDOMARCO PRISMATAMA DC JOMBANG	RITEL MODERN	[B0020049A] BERAS PREMIUM BEFOOD SETRA RAMOS 5 KG	BERAS JADI	Pcs	4,995.00	4,995.00	369,630,000.00	369,630,000.00	Fully Invoiced
SPP Sragen	2026-09-22 09:09:50	SO/076/09/2026/27222	13535 - PT. MIDI UTAMA INDONESIA,TBK (Alfamidi)	RITEL MODERN	[B0020049A] BERAS PREMIUM BEFOOD SETRA RAMOS 5 KG	BERAS JADI	Pcs	3,000.00	3,000.00	221,445,000.00	221,445,000.00	Fully Invoiced
SPP Sragen	2026-09-22 09:09:43	SO/075/09/2026/27222	13535 - PT. MIDI UTAMA INDONESIA,TBK (Alfamidi)	RITEL MODERN	[B0020040A] BERAS PREMIUM PUNOKAWAN 5 KG	BERAS JADI	Pcs	3,000.00	3,000.00	221,445,000.00	221,445,000.00	Fully Invoiced
SPP Sragen	2026-09-22 09:09:36	SO/072/09/2026/27222	9199 - 14458 - IDM_PT INDOMARCO PRISMATAMA DC KLATEN	RITEL MODERN	[B0020185A] BERAS PREMIUM BEFOOD PUNOKAWAN 10 KG	BERAS JADI	Pcs	507.00	507.00	74,782,500.00	74,782,500.00	Fully Invoiced
SPP Sragen	2026-09-22 09:09:29	SO/071/09/2026/27222	9199 - 14458 - IDM_PT INDOMARCO PRISMATAMA DC KLATEN	RITEL MODERN	[B0020049A] BERAS PREMIUM BEFOOD SETRA RAMOS 5 KG	BERAS JADI	Pcs	4,000.00	4,000.00	296,000,000.00	296,000,000.00	Fully Invoiced
SPP Sragen	2026-09-22 09:09:23	SO/070/09/2026/27222	13535 - PT. MIDI UTAMA INDONESIA,TBK (Alfamidi)	RITEL MODERN	[B0020040A] BERAS PREMIUM PUNOKAWAN 5 KG	BERAS JADI	Pcs	4,000.00	4,000.00	295,260,000.00	295,260,000.00	Fully Invoiced
SPP Sragen	2026-09-22 09:09:14	SO/069/09/2026/27222	13535 - PT. MIDI UTAMA INDONESIA,TBK (Alfamidi)	RITEL MODERN	[B0020049A] BERAS PREMIUM BEFOOD SETRA RAMOS 5 KG	BERAS JADI	Pcs	2,000.00	2,000.00	147,630,000.00	147,630,000.00	Fully Invoiced
SPP Sragen	2026-09-22 09:09:06	SO/062/09/2026/27222	13535 - PT. MIDI UTAMA INDONESIA,TBK (Alfamidi)	RITEL MODERN	[B0020185A] BERAS PREMIUM BEFOOD PUNOKAWAN 10 KG	BERAS JADI	Pcs	1,000.00	1,000.00	147,131,250.00	147,131,250.00	Fully Invoiced
SPP Sragen	2026-09-22 09:08:56	SO/064/09/2026/27222	13535 - PT. MIDI UTAMA INDONESIA,TBK (Alfamidi)	RITEL MODERN	[B0020185A] BERAS PREMIUM BEFOOD PUNOKAWAN 10 KG	BERAS JADI	Pcs	1,000.00	1,000.00	147,131,250.00	147,131,250.00	Fully Invoiced
SPP Sragen	2026-09-22 09:08:47	SO/061/09/2026/27222	9199 - 14458 - IDM_PT INDOMARCO PRISMATAMA DC KLATEN	RITEL MODERN	[B0020049A] BERAS PREMIUM BEFOOD SETRA RAMOS 5 KG	BERAS JADI	Pcs	4,000.00	4,000.00	296,000,000.00	296,000,000.00	Fully Invoiced
SPP Sragen	2026-09-22 09:08:39	SO/060/09/2026/27222	8666 - 14424 - PT Matahari Putra Prima (Hypermart) DC Porong	RITEL MODERN	[B0020049A] BERAS PREMIUM BEFOOD SETRA RAMOS 5 KG	BERAS JADI	Pcs	2,500.00	2,500.00	185,000,000.00	185,000,000.00	Fully Invoiced
SPP Sragen	2026-09-22 09:08:39	SO/060/09/2026/27222	8666 - 14424 - PT Matahari Putra Prima (Hypermart) DC Porong	RITEL MODERN	[B0020040A] BERAS PREMIUM PUNOKAWAN 5 KG	BERAS JADI	Pcs	2,500.00	2,500.00	185,000,000.00	185,000,000.00	Fully Invoiced
SPP Sragen	2026-09-22 09:08:32	SO/059/09/2026/27222	8666 - 14424 - PT Matahari Putra Prima (Hypermart) DC Porong	RITEL MODERN	[B0020185A] BERAS PREMIUM BEFOOD PUNOKAWAN 10 KG	BERAS JADI	Pcs	32.00	32.00	4,736,000.00	4,736,000.00	Fully Invoiced
SPP Sragen	2026-09-22 09:08:24	SO/058/09/2026/27222	8666 - 14424 - PT Matahari Putra Prima (Hypermart) DC Porong	RITEL MODERN	[B0020040A] BERAS PREMIUM PUNOKAWAN 5 KG	BERAS JADI	Pcs	2,500.00	2,500.00	185,000,000.00	185,000,000.00	Fully Invoiced
SPP Sragen	2026-09-22 09:08:24	SO/058/09/2026/27222	8666 - 14424 - PT Matahari Putra Prima (Hypermart) DC Porong	RITEL MODERN	[B0020049A] BERAS PREMIUM BEFOOD SETRA RAMOS 5 KG	BERAS JADI	Pcs	720.00	720.00	53,280,000.00	53,280,000.00	Fully Invoiced
SPP Sragen	2026-09-22 09:08:16	SO/057/09/2026/27222	8666 - 14424 - PT Matahari Putra Prima (Hypermart) DC Porong	RITEL MODERN	[B0020040A] BERAS PREMIUM PUNOKAWAN 5 KG	BERAS JADI	Pcs	740.00	740.00	54,760,000.00	54,760,000.00	Fully Invoiced
SPP Subang	2026-09-22 09:04:33	SO/135/09/2026/27111	8620 - Perum BULOG	KANCAB/KANWIL	[B0020185A] BERAS PREMIUM BEFOOD PUNOKAWAN 10 KG	BERAS JADI	Pcs	500.00	500.00	72,925,000.00	72,925,000.00	Fully Invoiced
SPP Subang	2026-09-22 09:00:56	SO/131/09/2026/27111	13990 - MTI_PT. MANDIRI AKUR PRATAMA ( YOGYA DC TEGAL )	RITEL MODERN	[B0020185A] BERAS PREMIUM BEFOOD PUNOKAWAN 10 KG	BERAS JADI	Pcs	1,000.00	1,000.00	147,500,000.00	147,500,000.00	Fully Invoiced
SPP Subang	2026-09-22 08:43:41	SO/119/09/2026/27111	8635 - 14474 - PT. RAMAYANA LESTARI SENTOSA TBK (RAMAYANA)	RITEL MODERN	[B0020185A] BERAS PREMIUM BEFOOD PUNOKAWAN 10 KG	BERAS JADI	Pcs	500.00	500.00	73,750,000.00	73,750,000.00	Fully Invoiced
SPB Sukoharjo	2026-09-21 20:31:46	SO/077/09/2026/27218	8694 - 14450 - MTI_PT ANEKA JAYA RITELINDO	RITEL MODERN	[B0020040A] BERAS PREMIUM PUNOKAWAN 5 KG	BERAS JADI	Pcs	400.00	400.00	29,600,000.00	29,600,000.00	Fully Invoiced
SPB Sukoharjo	2026-09-21 20:31:46	SO/077/09/2026/27218	8694 - 14450 - MTI_PT ANEKA JAYA RITELINDO	RITEL MODERN	[B0020049A] BERAS PREMIUM BEFOOD SETRA RAMOS 5 KG	BERAS JADI	Pcs	400.00	400.00	29,600,000.00	29,600,000.00	Fully Invoiced
SPB Sukoharjo	2026-09-21 20:31:46	SO/077/09/2026/27218	8694 - 14450 - MTI_PT ANEKA JAYA RITELINDO	RITEL MODERN	[B0020185A] BERAS PREMIUM BEFOOD PUNOKAWAN 10 KG	BERAS JADI	Pcs	50.00	50.00	7,375,000.00	7,375,000.00	Fully Invoiced
SPB Sukoharjo	2026-09-21 20:14:26	SO/076/09/2026/27218	8694 - 14450 - MTI_PT ANEKA JAYA RITELINDO	RITEL MODERN	[B0020040A] BERAS PREMIUM PUNOKAWAN 5 KG	BERAS JADI	Pcs	300.00	300.00	22,200,000.00	22,200,000.00	Fully Invoiced
SPB Sukoharjo	2026-09-21 20:14:26	SO/076/09/2026/27218	8694 - 14450 - MTI_PT ANEKA JAYA RITELINDO	RITEL MODERN	[B0020049A] BERAS PREMIUM BEFOOD SETRA RAMOS 5 KG	BERAS JADI	Pcs	300.00	300.00	22,200,000.00	22,200,000.00	Fully Invoiced
SPB Sukoharjo	2026-09-21 20:14:26	SO/076/09/2026/27218	8694 - 14450 - MTI_PT ANEKA JAYA RITELINDO	RITEL MODERN	[B0020185A] BERAS PREMIUM BEFOOD PUNOKAWAN 10 KG	BERAS JADI	Pcs	20.00	20.00	2,950,000.00	2,950,000.00	Fully Invoiced
SPB Sukoharjo	2026-09-21 20:01:54	SO/075/09/2026/27218	8629 - 14387 - PT Inti Cakrawala Citra (Indogrosir Head Office) it	RITEL MODERN	[B0020040A] BERAS PREMIUM PUNOKAWAN 5 KG	BERAS JADI	Pcs	1,500.00	1,500.00	111,000,000.00	111,000,000.00	Fully Invoiced
SPB Sukoharjo	2026-09-21 20:01:54	SO/075/09/2026/27218	8629 - 14387 - PT Inti Cakrawala Citra (Indogrosir Head Office) it	RITEL MODERN	[B0020185A] BERAS PREMIUM BEFOOD PUNOKAWAN 10 KG	BERAS JADI	Pcs	250.00	250.00	36,875,000.00	36,875,000.00	Fully Invoiced
SPB Sukoharjo	2026-09-21 19:53:23	SO/073/09/2026/27218	8693 - 14454 - MTI_CV LARIS PUTRA SEJATI(SWALAYAN LARIS AMBARAWA)	RITEL MODERN	[B0020185A] BERAS PREMIUM BEFOOD PUNOKAWAN 10 KG	BERAS JADI	Pcs	200.00	200.00	29,400,000.00	29,400,000.00	Fully Invoiced
SPB Sukoharjo	2026-09-21 19:53:23	SO/073/09/2026/27218	8693 - 14454 - MTI_CV LARIS PUTRA SEJATI(SWALAYAN LARIS AMBARAWA)	RITEL MODERN	[B0020049A] BERAS PREMIUM BEFOOD SETRA RAMOS 5 KG	BERAS JADI	Pcs	400.00	400.00	29,400,000.00	29,400,000.00	Fully Invoiced
SPB Sukoharjo	2026-09-21 19:53:23	SO/073/09/2026/27218	8693 - 14454 - MTI_CV LARIS PUTRA SEJATI(SWALAYAN LARIS AMBARAWA)	RITEL MODERN	[B0020040A] BERAS PREMIUM PUNOKAWAN 5 KG	BERAS JADI	Pcs	400.00	400.00	29,400,000.00	29,400,000.00	Fully Invoiced
SPB Sukoharjo	2026-09-21 19:25:14	SO/072/09/2026/27218	8691 - 14482 - CV. Maha Dirga Raharja (Gaya Semarang)	RITEL MODERN	[B0020049A] BERAS PREMIUM BEFOOD SETRA RAMOS 5 KG	BERAS JADI	Pcs	160.00	160.00	11,760,000.00	11,760,000.00	Fully Invoiced
SPB Sukoharjo	2026-09-21 19:25:14	SO/072/09/2026/27218	8691 - 14482 - CV. Maha Dirga Raharja (Gaya Semarang)	RITEL MODERN	[B0020040A] BERAS PREMIUM PUNOKAWAN 5 KG	BERAS JADI	Pcs	200.00	200.00	14,700,000.00	14,700,000.00	Fully Invoiced
SPB Sukoharjo	2026-09-21 19:25:14	SO/072/09/2026/27218	8691 - 14482 - CV. Maha Dirga Raharja (Gaya Semarang)	RITEL MODERN	[B0020185A] BERAS PREMIUM BEFOOD PUNOKAWAN 10 KG	BERAS JADI	Pcs	20.00	20.00	2,950,000.00	2,950,000.00	Fully Invoiced
SPP Jember	2026-09-21 19:24:52	SO/074/09/2026/27224	13487 - PT INDO NIAGA SYARIAH	PT/CV/SWASTA	[B0020185A] BERAS PREMIUM BEFOOD PUNOKAWAN 10 KG	BERAS JADI	Pcs	870.00	870.00	127,020,000.00	127,020,000.00	Fully Invoiced
SPP Jember	2026-09-21 19:24:52	SO/074/09/2026/27224	13487 - PT INDO NIAGA SYARIAH	PT/CV/SWASTA	[B0020186A] BERAS PREMIUM BEFOOD PUNOKAWAN 20 KG	BERAS JADI	Pcs	315.00	315.00	91,350,000.00	91,350,000.00	Fully Invoiced
SPB Sukoharjo	2026-09-21 19:16:56	SO/071/09/2026/27218	8750 - CV. Sumber Loh Jinawi (Goori Demak)	RITEL MODERN	[B0020049A] BERAS PREMIUM BEFOOD SETRA RAMOS 5 KG	BERAS JADI	Pcs	200.00	200.00	14,800,000.00	14,800,000.00	Fully Invoiced
SPB Sukoharjo	2026-09-21 19:16:56	SO/071/09/2026/27218	8750 - CV. Sumber Loh Jinawi (Goori Demak)	RITEL MODERN	[B0020185A] BERAS PREMIUM BEFOOD PUNOKAWAN 10 KG	BERAS JADI	Pcs	30.00	30.00	4,410,000.00	4,410,000.00	Fully Invoiced
SPB Sukoharjo	2026-09-21 19:16:56	SO/071/09/2026/27218	8750 - CV. Sumber Loh Jinawi (Goori Demak)	RITEL MODERN	[B0020040A] BERAS PREMIUM PUNOKAWAN 5 KG	BERAS JADI	Pcs	200.00	200.00	14,800,000.00	14,800,000.00	Fully Invoiced
SPB Sukoharjo	2026-09-21 19:03:22	SO/070/09/2026/27218	8732 - 14451 - CV. Tekun Jaya (Goori Ngaliyan & Gunungpati)	RITEL MODERN	[B0020049A] BERAS PREMIUM BEFOOD SETRA RAMOS 5 KG	BERAS JADI	Pcs	200.00	200.00	14,800,000.00	14,800,000.00	Fully Invoiced
SPB Sukoharjo	2026-09-21 19:03:22	SO/070/09/2026/27218	8732 - 14451 - CV. Tekun Jaya (Goori Ngaliyan & Gunungpati)	RITEL MODERN	[B0020185A] BERAS PREMIUM BEFOOD PUNOKAWAN 10 KG	BERAS JADI	Pcs	50.00	50.00	7,350,000.00	7,350,000.00	Fully Invoiced
SPB Sukoharjo	2026-09-21 19:03:22	SO/070/09/2026/27218	8732 - 14451 - CV. Tekun Jaya (Goori Ngaliyan & Gunungpati)	RITEL MODERN	[B0020040A] BERAS PREMIUM PUNOKAWAN 5 KG	BERAS JADI	Pcs	700.00	700.00	51,800,000.00	51,800,000.00	Fully Invoiced
SPB Sukoharjo	2026-09-21 18:51:58	SO/069/09/2026/27218	8692 - 14452 - CV. Gemah Ripah (Goori Mranggen)	RITEL MODERN	[B0020040A] BERAS PREMIUM PUNOKAWAN 5 KG	BERAS JADI	Pcs	300.00	300.00	22,200,000.00	22,200,000.00	Fully Invoiced
SPB Sukoharjo	2026-09-21 18:51:58	SO/069/09/2026/27218	8692 - 14452 - CV. Gemah Ripah (Goori Mranggen)	RITEL MODERN	[B0020185A] BERAS PREMIUM BEFOOD PUNOKAWAN 10 KG	BERAS JADI	Pcs	50.00	50.00	7,350,000.00	7,350,000.00	Fully Invoiced
SPB Sukoharjo	2026-09-21 18:51:58	SO/069/09/2026/27218	8692 - 14452 - CV. Gemah Ripah (Goori Mranggen)	RITEL MODERN	[B0020049A] BERAS PREMIUM BEFOOD SETRA RAMOS 5 KG	BERAS JADI	Pcs	300.00	300.00	22,200,000.00	22,200,000.00	Fully Invoiced
SPB Sukoharjo	2026-09-21 18:25:53	SO/068/09/2026/27218	8740 - 14449 - CV. Banyak Berkat (Goori Karangjati)	RITEL MODERN	[B0020185A] BERAS PREMIUM BEFOOD PUNOKAWAN 10 KG	BERAS JADI	Pcs	30.00	30.00	4,410,000.00	4,410,000.00	Fully Invoiced
SPB Sukoharjo	2026-09-21 18:25:53	SO/068/09/2026/27218	8740 - 14449 - CV. Banyak Berkat (Goori Karangjati)	RITEL MODERN	[B0020049A] BERAS PREMIUM BEFOOD SETRA RAMOS 5 KG	BERAS JADI	Pcs	200.00	200.00	14,800,000.00	14,800,000.00	Fully Invoiced
SPB Sukoharjo	2026-09-21 18:25:53	SO/068/09/2026/27218	8740 - 14449 - CV. Banyak Berkat (Goori Karangjati)	RITEL MODERN	[B0020040A] BERAS PREMIUM PUNOKAWAN 5 KG	BERAS JADI	Pcs	200.00	200.00	14,800,000.00	14,800,000.00	Fully Invoiced
SPB Sukoharjo	2026-09-21 18:10:07	SO/067/09/2026/27218	8694 - 14450 - MTI_PT ANEKA JAYA RITELINDO	RITEL MODERN	[B0020185A] BERAS PREMIUM BEFOOD PUNOKAWAN 10 KG	BERAS JADI	Pcs	20.00	20.00	2,950,000.00	2,950,000.00	Fully Invoiced
SPB Sukoharjo	2026-09-21 18:10:07	SO/067/09/2026/27218	8694 - 14450 - MTI_PT ANEKA JAYA RITELINDO	RITEL MODERN	[B0020049A] BERAS PREMIUM BEFOOD SETRA RAMOS 5 KG	BERAS JADI	Pcs	150.00	150.00	11,100,000.00	11,100,000.00	Fully Invoiced
SPB Sukoharjo	2026-09-21 18:10:07	SO/067/09/2026/27218	8694 - 14450 - MTI_PT ANEKA JAYA RITELINDO	RITEL MODERN	[B0020040A] BERAS PREMIUM PUNOKAWAN 5 KG	BERAS JADI	Pcs	150.00	150.00	11,100,000.00	11,100,000.00	Fully Invoiced
UP Candirejo	2026-09-21 17:56:48	SO/014/09/2026/27213	8975 - Mohammad Ipung Zuana	PERORANGAN	[A0040035A] BERAS BAHAN BAKU BERAS PECAH KULIT POLOS 50 KG	BERAS BAHAN BAKU	Pcs	400.00	400.00	244,000,000.00	244,000,000.00	Fully Invoiced
SPB Sukoharjo	2026-09-21 17:49:43	SO/066/09/2026/27218	8694 - 14450 - MTI_PT ANEKA JAYA RITELINDO	RITEL MODERN	[B0020040A] BERAS PREMIUM PUNOKAWAN 5 KG	BERAS JADI	Pcs	100.00	100.00	7,400,000.00	7,400,000.00	Fully Invoiced
SPB Sukoharjo	2026-09-21 17:49:43	SO/066/09/2026/27218	8694 - 14450 - MTI_PT ANEKA JAYA RITELINDO	RITEL MODERN	[B0020185A] BERAS PREMIUM BEFOOD PUNOKAWAN 10 KG	BERAS JADI	Pcs	10.00	10.00	1,475,000.00	1,475,000.00	Fully Invoiced
SPB Sukoharjo	2026-09-21 17:49:43	SO/066/09/2026/27218	8694 - 14450 - MTI_PT ANEKA JAYA RITELINDO	RITEL MODERN	[B0020049A] BERAS PREMIUM BEFOOD SETRA RAMOS 5 KG	BERAS JADI	Pcs	75.00	75.00	5,550,000.00	5,550,000.00	Fully Invoiced
SPB Sukoharjo	2026-09-21 17:42:24	SO/065/09/2026/27218	8723 - 14484 - PT ADAPERKASA SAHITAGUNA	RITEL MODERN	[B0020049A] BERAS PREMIUM BEFOOD SETRA RAMOS 5 KG	BERAS JADI	Pcs	190.00	190.00	14,060,000.00	14,060,000.00	Fully Invoiced
SPB Sukoharjo	2026-09-21 17:42:24	SO/065/09/2026/27218	8723 - 14484 - PT ADAPERKASA SAHITAGUNA	RITEL MODERN	[B0020040A] BERAS PREMIUM PUNOKAWAN 5 KG	BERAS JADI	Pcs	200.00	200.00	14,800,000.00	14,800,000.00	Fully Invoiced
SPB Sukoharjo	2026-09-21 17:42:24	SO/065/09/2026/27218	8723 - 14484 - PT ADAPERKASA SAHITAGUNA	RITEL MODERN	[B0020185A] BERAS PREMIUM BEFOOD PUNOKAWAN 10 KG	BERAS JADI	Pcs	150.00	150.00	22,050,000.00	22,050,000.00	Fully Invoiced
SPB Sukoharjo	2026-09-21 17:37:10	SO/064/09/2026/27218	8723 - 14484 - PT ADAPERKASA SAHITAGUNA	RITEL MODERN	[B0020185A] BERAS PREMIUM BEFOOD PUNOKAWAN 10 KG	BERAS JADI	Pcs	248.00	248.00	36,456,000.00	36,456,000.00	Fully Invoiced
SPB Sukoharjo	2026-09-21 17:37:10	SO/064/09/2026/27218	8723 - 14484 - PT ADAPERKASA SAHITAGUNA	RITEL MODERN	[B0020040A] BERAS PREMIUM PUNOKAWAN 5 KG	BERAS JADI	Pcs	400.00	400.00	29,600,000.00	29,600,000.00	Fully Invoiced
SPB Sukoharjo	2026-09-21 17:37:10	SO/064/09/2026/27218	8723 - 14484 - PT ADAPERKASA SAHITAGUNA	RITEL MODERN	[B0020049A] BERAS PREMIUM BEFOOD SETRA RAMOS 5 KG	BERAS JADI	Pcs	400.00	400.00	29,600,000.00	29,600,000.00	Fully Invoiced
SPB Sukoharjo	2026-09-21 17:32:52	SO/063/09/2026/27218	8723 - 14484 - PT ADAPERKASA SAHITAGUNA	RITEL MODERN	[B0020049A] BERAS PREMIUM BEFOOD SETRA RAMOS 5 KG	BERAS JADI	Pcs	200.00	200.00	14,800,000.00	14,800,000.00	Fully Invoiced
SPB Sukoharjo	2026-09-21 17:32:52	SO/063/09/2026/27218	8723 - 14484 - PT ADAPERKASA SAHITAGUNA	RITEL MODERN	[B0020040A] BERAS PREMIUM PUNOKAWAN 5 KG	BERAS JADI	Pcs	200.00	200.00	14,800,000.00	14,800,000.00	Fully Invoiced
SPB Sukoharjo	2026-09-21 17:32:52	SO/063/09/2026/27218	8723 - 14484 - PT ADAPERKASA SAHITAGUNA	RITEL MODERN	[B0020185A] BERAS PREMIUM BEFOOD PUNOKAWAN 10 KG	BERAS JADI	Pcs	100.00	100.00	14,700,000.00	14,700,000.00	Fully Invoiced
SPB Sukoharjo	2026-09-21 16:50:40	SO/062/09/2026/27218	8723 - 14484 - PT ADAPERKASA SAHITAGUNA	RITEL MODERN	[B0020040A] BERAS PREMIUM PUNOKAWAN 5 KG	BERAS JADI	Pcs	400.00	400.00	29,600,000.00	29,600,000.00	Fully Invoiced
SPB Sukoharjo	2026-09-21 16:50:40	SO/062/09/2026/27218	8723 - 14484 - PT ADAPERKASA SAHITAGUNA	RITEL MODERN	[B0020185A] BERAS PREMIUM BEFOOD PUNOKAWAN 10 KG	BERAS JADI	Pcs	297.00	297.00	43,659,000.00	43,659,000.00	Fully Invoiced
SPB Sukoharjo	2026-09-21 16:50:40	SO/062/09/2026/27218	8723 - 14484 - PT ADAPERKASA SAHITAGUNA	RITEL MODERN	[B0020049A] BERAS PREMIUM BEFOOD SETRA RAMOS 5 KG	BERAS JADI	Pcs	400.00	400.00	29,600,000.00	29,600,000.00	Fully Invoiced
SPB Sidrap	2026-09-21 16:44:44	SO/072/09/2026/27307	13535 - PT. MIDI UTAMA INDONESIA,TBK (Alfamidi)	RITEL MODERN	[B0020167A] BERAS PREMIUM MALLOPI 10 KG	BERAS JADI	Pcs	2,500.00	2,500.00	380,000,000.00	380,000,000.00	Fully Invoiced
SPB Sidrap	2026-09-21 16:37:42	SO/071/09/2026/27307	13535 - PT. MIDI UTAMA INDONESIA,TBK (Alfamidi)	RITEL MODERN	[B0020185A] BERAS PREMIUM BEFOOD PUNOKAWAN 10 KG	BERAS JADI	Pcs	2,500.00	2,500.00	380,000,000.00	380,000,000.00	Fully Invoiced
SPB Sukoharjo	2026-09-21 16:37:17	SO/061/09/2026/27218	8723 - 14484 - PT ADAPERKASA SAHITAGUNA	RITEL MODERN	[B0020040A] BERAS PREMIUM PUNOKAWAN 5 KG	BERAS JADI	Pcs	600.00	600.00	44,400,000.00	44,400,000.00	Fully Invoiced
SPB Sukoharjo	2026-09-21 16:37:17	SO/061/09/2026/27218	8723 - 14484 - PT ADAPERKASA SAHITAGUNA	RITEL MODERN	[B0020049A] BERAS PREMIUM BEFOOD SETRA RAMOS 5 KG	BERAS JADI	Pcs	600.00	600.00	44,400,000.00	44,400,000.00	Fully Invoiced
SPB Sukoharjo	2026-09-21 16:37:17	SO/061/09/2026/27218	8723 - 14484 - PT ADAPERKASA SAHITAGUNA	RITEL MODERN	[B0020185A] BERAS PREMIUM BEFOOD PUNOKAWAN 10 KG	BERAS JADI	Pcs	400.00	400.00	58,800,000.00	58,800,000.00	Fully Invoiced
SPB Sukoharjo	2026-09-21 16:11:44	SO/059/09/2026/27218	8896 - 14396 - PT LION SUPER INDO DC CIKARANG	RITEL MODERN	[B0020189A] BERAS PREMIUM 365 PULEN WANGI 5 KG	BERAS JADI	Pcs	5,000.00	5,000.00	366,232,500.00	366,232,500.00	Fully Invoiced
SPP Subang	2026-09-21 16:04:14	SO/137/09/2026/27111	14600 - CV URWAH	PT/CV/SWASTA	[C0250001A] BEKATUL	PRODUK SAMPINGAN	kg	0.00	21,670.00	99,682,000.00	89,803,603.60	Fully Invoiced
SPP Subang	2026-09-21 16:04:14	SO/137/09/2026/27111	14600 - CV URWAH	PT/CV/SWASTA	[C0240001A] MENIR	PRODUK SAMPINGAN	kg	0.00	3,500.00	29,750,000.00	29,750,000.00	Fully Invoiced
SPB Sidrap	2026-09-21 15:59:40	SO/064/09/2026/27307	13535 - PT. MIDI UTAMA INDONESIA,TBK (Alfamidi)	RITEL MODERN	[B0020049A] BERAS PREMIUM BEFOOD SETRA RAMOS 5 KG	BERAS JADI	Pcs	1,000.00	1,000.00	74,335,370.00	74,335,370.00	Fully Invoiced
SPB Sidrap	2026-09-21 15:59:40	SO/064/09/2026/27307	13535 - PT. MIDI UTAMA INDONESIA,TBK (Alfamidi)	RITEL MODERN	[B0020040A] BERAS PREMIUM PUNOKAWAN 5 KG	BERAS JADI	Pcs	1,000.00	1,000.00	74,335,370.00	74,335,370.00	Fully Invoiced
SPB Sukoharjo	2026-09-21 15:52:04	SO/060/09/2026/27218	8723 - 14484 - PT ADAPERKASA SAHITAGUNA	RITEL MODERN	[B0020185A] BERAS PREMIUM BEFOOD PUNOKAWAN 10 KG	BERAS JADI	Pcs	400.00	400.00	58,800,000.00	58,800,000.00	Fully Invoiced
SPB Sukoharjo	2026-09-21 15:52:04	SO/060/09/2026/27218	8723 - 14484 - PT ADAPERKASA SAHITAGUNA	RITEL MODERN	[B0020049A] BERAS PREMIUM BEFOOD SETRA RAMOS 5 KG	BERAS JADI	Pcs	600.00	600.00	44,400,000.00	44,400,000.00	Fully Invoiced
SPB Sukoharjo	2026-09-21 15:52:04	SO/060/09/2026/27218	8723 - 14484 - PT ADAPERKASA SAHITAGUNA	RITEL MODERN	[B0020040A] BERAS PREMIUM PUNOKAWAN 5 KG	BERAS JADI	Pcs	600.00	600.00	44,400,000.00	44,400,000.00	Fully Invoiced
SPB Sidrap	2026-09-21 15:51:42	SO/044/09/2026/27307	8628 - 14385 - PT INDOMARCO PRISMATAMA	RITEL MODERN	[B0020049A] BERAS PREMIUM BEFOOD SETRA RAMOS 5 KG	BERAS JADI	Pcs	2,000.00	2,000.00	148,000,000.00	148,000,000.00	Fully Invoiced
SPP Karawang	2026-09-21 15:47:11	SO/318/09/2026/27112	8620 - Perum BULOG	KANCAB/KANWIL	[B0020040A] BERAS PREMIUM PUNOKAWAN 5 KG	BERAS JADI	Pcs	820.00	820.00	60,270,000.00		Fully Invoiced
UP Mojolaban	2026-09-21 15:35:44	SO/007/09/2026/27205	8620 - Perum BULOG	KANCAB/KANWIL	[MKLN001] Jasa Maklon	SERVICES	kg	0.00	210,000.00	31,500,000.00	31,500,000.00	Fully Invoiced
UP Mojolaban	2026-09-21 15:35:33	SO/006/09/2026/27205	8620 - Perum BULOG	KANCAB/KANWIL	[MKLN001] Jasa Maklon	SERVICES	kg	0.00	180,000.00	27,000,000.00	27,000,000.00	Fully Invoiced
SPP Banyuwangi	2026-09-21 15:33:47	SO/012/09/2026/27225	8620 - Perum BULOG	KANCAB/KANWIL	[B0020169A] BERAS PREMIUM CANDI MULYO 25 KG	BERAS JADI	Pcs	280.00	280.00	100,800,000.00	100,800,000.00	Fully Invoiced
SPP Kendal	2026-09-21 15:01:48	SO/094/09/2026/27221	8669 - Mohamad Sahidin	PETERNAKAN	[C0250001A] BEKATUL	PRODUK SAMPINGAN	kg	3,000.00	3,000.00	16,500,000.00	14,864,864.86	Fully Invoiced
SPP Jember	2026-09-21 14:22:41	SO/072/09/2026/27224	13487 - PT INDO NIAGA SYARIAH	PT/CV/SWASTA	[B0020186A] BERAS PREMIUM BEFOOD PUNOKAWAN 20 KG	BERAS JADI	Pcs	470.00	470.00	136,300,000.00	136,300,000.00	Fully Invoiced
SPP Jember	2026-09-21 14:22:41	SO/072/09/2026/27224	13487 - PT INDO NIAGA SYARIAH	PT/CV/SWASTA	[B0020185A] BERAS PREMIUM BEFOOD PUNOKAWAN 10 KG	BERAS JADI	Pcs	660.00	660.00	96,360,000.00	96,360,000.00	Fully Invoiced
SPP Jember	2026-09-21 13:24:33	SO/075/09/2026/27224	13799 - MUHAMMAD HABIBILAH (RAMBIPUJI)	PERORANGAN	[A0040004A] BERAS BAHAN BAKU POLOS 50 KG	BERAS BAHAN BAKU	Pcs	200.00	200.00	130,000,000.00	130,000,000.00	Fully Invoiced
SPP Jember	2026-09-21 12:08:46	SO/071/09/2026/27224	13832 - IDM_PT INDOMARCO PRISMATAMA DC JEMBER	RITEL MODERN	[B0020044A] BERAS PREMIUM BE FOOD SLYP SUPER 5 KG	BERAS JADI	Pcs	4,000.00	4,000.00	296,000,000.00	296,000,000.00	Fully Invoiced
SPB Lombok Timur	2026-09-21 11:46:06	SO/047/09/2026/27310	13477 - RPK KOPERMAS SEJAHTERA	TOKO/AGEN	[B0020071A] BERAS PREMIUM CANDI MULYO 3 KG	BERAS JADI	Pcs	50.00	50.00	2,205,000.00	2,205,000.00	Fully Invoiced
SPB Lombok Timur	2026-09-21 11:46:06	SO/047/09/2026/27310	13477 - RPK KOPERMAS SEJAHTERA	TOKO/AGEN	[B0020186A] BERAS PREMIUM BEFOOD PUNOKAWAN 20 KG	BERAS JADI	Pcs	100.00	100.00	28,800,000.00	28,800,000.00	Fully Invoiced
SPB Lombok Timur	2026-09-21 11:45:57	SO/046/09/2026/27310	3652 - MUHAMMAD DEDI	PERORANGAN	[B0020040A] BERAS PREMIUM PUNOKAWAN 5 KG	BERAS JADI	Pcs	1,826.00	1,826.00	134,211,000.00	134,211,000.00	Fully Invoiced
SPB Lombok Timur	2026-09-21 11:45:41	SO/041/09/2026/27310	8626 - 14406 - IDM_PT. INDOMARCO PRISMATAMA (DC LOMBOK)	RITEL MODERN	[B0020049A] BERAS PREMIUM BEFOOD SETRA RAMOS 5 KG	BERAS JADI	Pcs	900.00	900.00	66,960,000.00	66,960,000.00	Fully Invoiced
SPP Jember	2026-09-21 11:17:36	SO/069/09/2026/27224	8620 - Perum BULOG	KANCAB/KANWIL	[B0020169A] BERAS PREMIUM CANDI MULYO 25 KG	BERAS JADI	Pcs	400.00	400.00	144,000,000.00	144,000,000.00	Fully Invoiced
SPP Jember	2026-09-21 11:10:24	SO/068/09/2026/27224	13487 - PT INDO NIAGA SYARIAH	PT/CV/SWASTA	[B0020185A] BERAS PREMIUM BEFOOD PUNOKAWAN 10 KG	BERAS JADI	Pcs	1,000.00	1,000.00	146,000,000.00	146,000,000.00	Fully Invoiced
SPP Jember	2026-09-21 11:02:12	SO/067/09/2026/27224	13487 - PT INDO NIAGA SYARIAH	PT/CV/SWASTA	[B0020185A] BERAS PREMIUM BEFOOD PUNOKAWAN 10 KG	BERAS JADI	Pcs	160.00	160.00	23,360,000.00	23,360,000.00	Fully Invoiced
SPP Jember	2026-09-21 11:02:12	SO/067/09/2026/27224	13487 - PT INDO NIAGA SYARIAH	PT/CV/SWASTA	[B0020186A] BERAS PREMIUM BEFOOD PUNOKAWAN 20 KG	BERAS JADI	Pcs	100.00	100.00	29,000,000.00	29,000,000.00	Fully Invoiced
SPP Jember	2026-09-21 10:42:06	SO/066/09/2026/27224	8620 - Perum BULOG	KANCAB/KANWIL	[B0020040A] BERAS PREMIUM PUNOKAWAN 5 KG	BERAS JADI	Pcs	2,500.00	2,500.00	184,362,500.00	184,362,500.00	Fully Invoiced
SPP Jember	2026-09-21 10:42:06	SO/066/09/2026/27224	8620 - Perum BULOG	KANCAB/KANWIL	[B0020049A] BERAS PREMIUM BEFOOD SETRA RAMOS 5 KG	BERAS JADI	Pcs	3,000.00	3,000.00	221,475,000.00	221,475,000.00	Fully Invoiced
UP Mojolaban	2026-09-21 09:37:03	SO/005/09/2026/27205	8620 - Perum BULOG	KANCAB/KANWIL	[B0020016A] BERAS PREMIUM POLOS 50 KG	BERAS JADI	Pcs	12.00	12.00	8,520,000.00	8,520,000.00	Fully Invoiced
SPB Makassar	2026-09-21 09:05:26	SO/275/09/2026/27306	8620 - Perum BULOG	KANCAB/KANWIL	[B0020185A] BERAS PREMIUM BEFOOD PUNOKAWAN 10 KG	BERAS JADI	Pcs	2,500.00	2,500.00	365,000,000.00	365,000,000.00	Fully Invoiced
SPB Indramayu	2026-09-21 08:36:38	SO/012/09/2026/27110	8886 - 14394 - PT AKUR PRATAMA (YOGYA) DC CIAMIS	RITEL MODERN	[B0020185A] BERAS PREMIUM BEFOOD PUNOKAWAN 10 KG	BERAS JADI	Pcs	1,000.00	1,000.00	147,500,000.00	147,500,000.00	Fully Invoiced
SPB Indramayu	2026-09-21 08:33:55	SO/011/09/2026/27110	8886 - 14394 - PT AKUR PRATAMA (YOGYA) DC CIAMIS	RITEL MODERN	[B0020185A] BERAS PREMIUM BEFOOD PUNOKAWAN 10 KG	BERAS JADI	Pcs	1,000.00	1,000.00	147,500,000.00	147,500,000.00	Fully Invoiced
SPB Lombok Timur	2026-09-21 07:57:26	SO/042/09/2026/27310	8626 - 14406 - IDM_PT. INDOMARCO PRISMATAMA (DC LOMBOK)	RITEL MODERN	[B0020185A] BERAS PREMIUM BEFOOD PUNOKAWAN 10 KG	BERAS JADI	Pcs	548.00	548.00	80,830,000.00	80,830,000.00	Fully Invoiced
SPP Sumbawa	2026-09-20 14:36:49	SO/017/09/2026/27312	13548 - HUSAIN SYIHAB	PERORANGAN	[C0300001A] BUTIR RIJEK	PRODUK SAMPINGAN	kg	550.00	550.00	2,750,000.00	2,750,000.00	Fully Invoiced
SPP Sumbawa	2026-09-20 14:36:49	SO/017/09/2026/27312	13548 - HUSAIN SYIHAB	PERORANGAN	[C0250001A] BEKATUL	PRODUK SAMPINGAN	kg	10,900.00	10,900.00	49,050,000.00	44,189,189.19	Fully Invoiced
SPP Subang	2026-09-18 16:50:12	SO/127/09/2026/27111	8662 - 14410 - PT Griya Pratama (Yomart)	RITEL MODERN	[B0020185A] BERAS PREMIUM BEFOOD PUNOKAWAN 10 KG	BERAS JADI	Pcs	1,000.00	1,000.00	146,500,000.00	146,500,000.00	Fully Invoiced
SPP Subang	2026-09-18 16:49:14	SO/126/09/2026/27111	8662 - 14410 - PT Griya Pratama (Yomart)	RITEL MODERN	[B0020185A] BERAS PREMIUM BEFOOD PUNOKAWAN 10 KG	BERAS JADI	Pcs	999.00	999.00	146,500,000.00	146,353,500.00	Fully Invoiced
SPP Subang	2026-09-18 16:44:17	SO/124/09/2026/27111	8900 - 14409 - MTI_PT AKUR PRATAMA (YOGYA GROUP) BOGOR DC KAYU MANIS	RITEL MODERN	[B0020185A] BERAS PREMIUM BEFOOD PUNOKAWAN 10 KG	BERAS JADI	Pcs	999.00	999.00	147,500,000.00	147,352,500.00	Fully Invoiced
SPP Subang	2026-09-18 16:43:02	SO/121/09/2026/27111	8662 - 14410 - PT Griya Pratama (Yomart)	RITEL MODERN	[B0020185A] BERAS PREMIUM BEFOOD PUNOKAWAN 10 KG	BERAS JADI	Pcs	1,000.00	1,000.00	146,500,000.00	146,500,000.00	Fully Invoiced
SPP Subang	2026-09-18 16:42:18	SO/120/09/2026/27111	8635 - 14474 - PT. RAMAYANA LESTARI SENTOSA TBK (RAMAYANA)	RITEL MODERN	[B0020185A] BERAS PREMIUM BEFOOD PUNOKAWAN 10 KG	BERAS JADI	Pcs	500.00	500.00	73,750,000.00	73,750,000.00	Fully Invoiced
SPP Subang	2026-09-18 16:15:07	SO/123/09/2026/27111	14539 - PT FABULOUS AGRO MANDIRI	PT/CV/SWASTA	[B0020185A] BERAS PREMIUM BEFOOD PUNOKAWAN 10 KG	BERAS JADI	Pcs	1,000.00	1,000.00	147,000,000.00	147,000,000.00	Fully Invoiced
SPB Makassar	2026-09-18 16:05:57	SO/261/09/2026/27306	8641 - 14429 - PT. SATU SAMA JAYA ABADI	RITEL MODERN	[B0020040A] BERAS PREMIUM PUNOKAWAN 5 KG	BERAS JADI	Pcs	300.00	300.00	22,050,000.00	22,050,000.00	Fully Invoiced
SPB Makassar	2026-09-18 16:05:57	SO/261/09/2026/27306	8641 - 14429 - PT. SATU SAMA JAYA ABADI	RITEL MODERN	[B0020185A] BERAS PREMIUM BEFOOD PUNOKAWAN 10 KG	BERAS JADI	Pcs	100.00	100.00	14,700,000.00	14,700,000.00	Fully Invoiced
SPB Makassar	2026-09-18 16:05:57	SO/261/09/2026/27306	8641 - 14429 - PT. SATU SAMA JAYA ABADI	RITEL MODERN	[B0020190A] BERAS PREMIUM BEFOOD MALLOPI 5 KG	BERAS JADI	Pcs	100.00	100.00	7,350,000.00	7,350,000.00	Fully Invoiced
SPB Makassar	2026-09-18 16:05:57	SO/261/09/2026/27306	8641 - 14429 - PT. SATU SAMA JAYA ABADI	RITEL MODERN	[B0020186A] BERAS PREMIUM BEFOOD PUNOKAWAN 20 KG	BERAS JADI	Pcs	40.00	40.00	11,760,000.00	11,760,000.00	Fully Invoiced
SPB Makassar	2026-09-18 15:59:20	SO/260/09/2026/27306	8641 - 14429 - PT. SATU SAMA JAYA ABADI	RITEL MODERN	[B0020186A] BERAS PREMIUM BEFOOD PUNOKAWAN 20 KG	BERAS JADI	Pcs	25.00	25.00	7,350,000.00	7,350,000.00	Fully Invoiced
SPB Makassar	2026-09-18 15:59:20	SO/260/09/2026/27306	8641 - 14429 - PT. SATU SAMA JAYA ABADI	RITEL MODERN	[B0020185A] BERAS PREMIUM BEFOOD PUNOKAWAN 10 KG	BERAS JADI	Pcs	200.00	200.00	29,400,000.00	29,400,000.00	Fully Invoiced
SPB Makassar	2026-09-18 15:59:20	SO/260/09/2026/27306	8641 - 14429 - PT. SATU SAMA JAYA ABADI	RITEL MODERN	[B0020040A] BERAS PREMIUM PUNOKAWAN 5 KG	BERAS JADI	Pcs	400.00	400.00	29,400,000.00	29,400,000.00	Fully Invoiced
SPB Makassar	2026-09-18 15:59:20	SO/260/09/2026/27306	8641 - 14429 - PT. SATU SAMA JAYA ABADI	RITEL MODERN	[B0020190A] BERAS PREMIUM BEFOOD MALLOPI 5 KG	BERAS JADI	Pcs	100.00	100.00	7,350,000.00	7,350,000.00	Fully Invoiced
SPB Makassar	2026-09-18 15:58:20	SO/273/09/2026/27306	8620 - Perum BULOG	KANCAB/KANWIL	[B0020185A] BERAS PREMIUM BEFOOD PUNOKAWAN 10 KG	BERAS JADI	Pcs	10,000.00	10,000.00	1,460,000,000.00	1,460,000,000.00	Fully Invoiced
SPB Makassar	2026-09-18 15:48:03	SO/259/09/2026/27306	8641 - 14429 - PT. SATU SAMA JAYA ABADI	RITEL MODERN	[B0020190A] BERAS PREMIUM BEFOOD MALLOPI 5 KG	BERAS JADI	Pcs	30.00	30.00	2,205,000.00	2,205,000.00	Fully Invoiced
SPB Makassar	2026-09-18 15:48:03	SO/259/09/2026/27306	8641 - 14429 - PT. SATU SAMA JAYA ABADI	RITEL MODERN	[B0020186A] BERAS PREMIUM BEFOOD PUNOKAWAN 20 KG	BERAS JADI	Pcs	30.00	30.00	8,820,000.00	8,820,000.00	Fully Invoiced
SPB Makassar	2026-09-18 15:48:03	SO/259/09/2026/27306	8641 - 14429 - PT. SATU SAMA JAYA ABADI	RITEL MODERN	[B0020040A] BERAS PREMIUM PUNOKAWAN 5 KG	BERAS JADI	Pcs	100.00	100.00	7,350,000.00	7,350,000.00	Fully Invoiced
SPB Makassar	2026-09-18 15:48:03	SO/259/09/2026/27306	8641 - 14429 - PT. SATU SAMA JAYA ABADI	RITEL MODERN	[B0020185A] BERAS PREMIUM BEFOOD PUNOKAWAN 10 KG	BERAS JADI	Pcs	50.00	50.00	7,350,000.00	7,350,000.00	Fully Invoiced
SPB Makassar	2026-09-18 15:31:51	SO/258/09/2026/27306	8641 - 14429 - PT. SATU SAMA JAYA ABADI	RITEL MODERN	[B0020185A] BERAS PREMIUM BEFOOD PUNOKAWAN 10 KG	BERAS JADI	Pcs	5.00	5.00	735,000.00	735,000.00	Fully Invoiced
SPB Makassar	2026-09-18 15:31:51	SO/258/09/2026/27306	8641 - 14429 - PT. SATU SAMA JAYA ABADI	RITEL MODERN	[B0020040A] BERAS PREMIUM PUNOKAWAN 5 KG	BERAS JADI	Pcs	20.00	20.00	1,470,000.00	1,470,000.00	Fully Invoiced
SPB Lombok Timur	2026-09-18 15:04:41	SO/035/09/2026/27310	13900 - SAT_PT SUMBER ALFARIA TRIJAYA DC LOMBOK	RITEL MODERN	[B0020040A] BERAS PREMIUM PUNOKAWAN 5 KG	BERAS JADI	Pcs	2,000.00	2,000.00	148,200,000.00	148,200,000.00	Fully Invoiced
SPB Makassar	2026-09-18 14:57:22	SO/256/09/2026/27306	8641 - 14429 - PT. SATU SAMA JAYA ABADI	RITEL MODERN	[B0020040A] BERAS PREMIUM PUNOKAWAN 5 KG	BERAS JADI	Pcs	40.00	40.00	2,940,000.00	2,940,000.00	Fully Invoiced
SPB Makassar	2026-09-18 14:57:22	SO/256/09/2026/27306	8641 - 14429 - PT. SATU SAMA JAYA ABADI	RITEL MODERN	[B0020185A] BERAS PREMIUM BEFOOD PUNOKAWAN 10 KG	BERAS JADI	Pcs	35.00	35.00	5,145,000.00	5,145,000.00	Fully Invoiced
SPB Makassar	2026-09-18 14:57:22	SO/256/09/2026/27306	8641 - 14429 - PT. SATU SAMA JAYA ABADI	RITEL MODERN	[B0020186A] BERAS PREMIUM BEFOOD PUNOKAWAN 20 KG	BERAS JADI	Pcs	5.00	5.00	1,470,000.00	1,470,000.00	Fully Invoiced
SPB Makassar	2026-09-18 14:45:50	SO/255/09/2026/27306	8641 - 14429 - PT. SATU SAMA JAYA ABADI	RITEL MODERN	[B0020185A] BERAS PREMIUM BEFOOD PUNOKAWAN 10 KG	BERAS JADI	Pcs	10.00	10.00	1,470,000.00	1,470,000.00	Fully Invoiced
UP Candirejo	2026-09-18 14:38:53	SO/013/09/2026/27213	3769 - Purwandi	PERORANGAN	[A0040035A] BERAS BAHAN BAKU BERAS PECAH KULIT POLOS 50 KG	BERAS BAHAN BAKU	Pcs	400.00	400.00	244,000,000.00	244,000,000.00	Fully Invoiced
SPB Makassar	2026-09-18 14:35:11	SO/254/09/2026/27306	8641 - 14429 - PT. SATU SAMA JAYA ABADI	RITEL MODERN	[B0020185A] BERAS PREMIUM BEFOOD PUNOKAWAN 10 KG	BERAS JADI	Pcs	10.00	10.00	1,470,000.00	1,470,000.00	Fully Invoiced
SPB Makassar	2026-09-18 14:25:49	SO/229/09/2026/27306	13535 - PT. MIDI UTAMA INDONESIA,TBK (Alfamidi)	RITEL MODERN	[B0020191A] BERAS PREMIUM BEFOOD MALLOPI 10 KG	BERAS JADI	Pcs	200.00	200.00	29,400,000.00	29,400,000.00	Fully Invoiced
SPB Makassar	2026-09-18 14:22:58	SO/257/09/2026/27306	8641 - 14429 - PT. SATU SAMA JAYA ABADI	RITEL MODERN	[B0020040A] BERAS PREMIUM PUNOKAWAN 5 KG	BERAS JADI	Pcs	100.00	100.00	7,350,000.00	7,350,000.00	Fully Invoiced
SPB Makassar	2026-09-18 14:22:58	SO/257/09/2026/27306	8641 - 14429 - PT. SATU SAMA JAYA ABADI	RITEL MODERN	[B0020185A] BERAS PREMIUM BEFOOD PUNOKAWAN 10 KG	BERAS JADI	Pcs	100.00	100.00	14,700,000.00	14,700,000.00	Fully Invoiced
SPB Makassar	2026-09-18 14:22:58	SO/257/09/2026/27306	8641 - 14429 - PT. SATU SAMA JAYA ABADI	RITEL MODERN	[B0020186A] BERAS PREMIUM BEFOOD PUNOKAWAN 20 KG	BERAS JADI	Pcs	50.00	50.00	14,700,000.00	14,700,000.00	Fully Invoiced
SPB Makassar	2026-09-18 14:14:31	SO/228/09/2026/27306	13535 - PT. MIDI UTAMA INDONESIA,TBK (Alfamidi)	RITEL MODERN	[B0020191A] BERAS PREMIUM BEFOOD MALLOPI 10 KG	BERAS JADI	Pcs	164.00	164.00	24,108,000.00	24,108,000.00	Fully Invoiced
SPP Magetan	2026-09-18 14:12:35	SO/040/09/2026/27226	8666 - 14424 - PT Matahari Putra Prima (Hypermart) DC Porong	RITEL MODERN	[B0020185A] BERAS PREMIUM BEFOOD PUNOKAWAN 10 KG	BERAS JADI	Pcs	500.00	500.00	74,000,000.00	74,000,000.00	Fully Invoiced
SPP Magetan	2026-09-18 14:12:27	SO/045/09/2026/27226	8666 - 14424 - PT Matahari Putra Prima (Hypermart) DC Porong	RITEL MODERN	[B0020185A] BERAS PREMIUM BEFOOD PUNOKAWAN 10 KG	BERAS JADI	Pcs	500.00	500.00	74,000,000.00	74,000,000.00	Fully Invoiced
SPP Magetan	2026-09-18 14:12:22	SO/046/09/2026/27226	8666 - 14424 - PT Matahari Putra Prima (Hypermart) DC Porong	RITEL MODERN	[B0020185A] BERAS PREMIUM BEFOOD PUNOKAWAN 10 KG	BERAS JADI	Pcs	500.00	500.00	74,000,000.00	74,000,000.00	Fully Invoiced
SPP Magetan	2026-09-18 14:12:14	SO/047/09/2026/27226	8666 - 14424 - PT Matahari Putra Prima (Hypermart) DC Porong	RITEL MODERN	[B0020185A] BERAS PREMIUM BEFOOD PUNOKAWAN 10 KG	BERAS JADI	Pcs	500.00	500.00	74,000,000.00	74,000,000.00	Fully Invoiced
SPB Lombok Timur	2026-09-18 14:09:56	SO/045/09/2026/27310	8620 - Perum BULOG	KANCAB/KANWIL	[B0020040A] BERAS PREMIUM PUNOKAWAN 5 KG	BERAS JADI	Pcs	1,000.00	1,000.00	73,745,000.00	73,745,000.00	Fully Invoiced
SPB Lombok Timur	2026-09-18 14:09:23	SO/044/09/2026/27310	8620 - Perum BULOG	KANCAB/KANWIL	[B0020049A] BERAS PREMIUM BEFOOD SETRA RAMOS 5 KG	BERAS JADI	Pcs	1,000.00	1,000.00	73,825,000.00	73,825,000.00	Fully Invoiced
SPB Makassar	2026-09-18 14:00:00	SO/227/09/2026/27306	13535 - PT. MIDI UTAMA INDONESIA,TBK (Alfamidi)	RITEL MODERN	[B0020191A] BERAS PREMIUM BEFOOD MALLOPI 10 KG	BERAS JADI	Pcs	200.00	200.00	29,400,000.00	29,400,000.00	Fully Invoiced
SPB Makassar	2026-09-18 13:58:05	SO/224/09/2026/27306	14431 - PT. KAGE DWIJAYA (DIAMOND) MAKASSAR	RITEL MODERN	[B0020185A] BERAS PREMIUM BEFOOD PUNOKAWAN 10 KG	BERAS JADI	Pcs	200.00	200.00	29,400,000.00	29,400,000.00	Fully Invoiced
SPB Makassar	2026-09-18 13:58:05	SO/224/09/2026/27306	14431 - PT. KAGE DWIJAYA (DIAMOND) MAKASSAR	RITEL MODERN	[B0020186A] BERAS PREMIUM BEFOOD PUNOKAWAN 20 KG	BERAS JADI	Pcs	30.00	30.00	8,820,000.00	8,820,000.00	Fully Invoiced
SPB Makassar	2026-09-18 13:58:05	SO/224/09/2026/27306	14431 - PT. KAGE DWIJAYA (DIAMOND) MAKASSAR	RITEL MODERN	[B0020040A] BERAS PREMIUM PUNOKAWAN 5 KG	BERAS JADI	Pcs	250.00	250.00	18,375,000.00	18,375,000.00	Fully Invoiced
SPB Makassar	2026-09-18 13:55:18	SO/225/09/2026/27306	13535 - PT. MIDI UTAMA INDONESIA,TBK (Alfamidi)	RITEL MODERN	[B0020191A] BERAS PREMIUM BEFOOD MALLOPI 10 KG	BERAS JADI	Pcs	200.00	200.00	29,400,000.00	29,400,000.00	Fully Invoiced
SPB Sidrap	2026-09-18 13:37:36	SO/076/09/2026/27307	8620 - Perum BULOG	KANCAB/KANWIL	[B0020049A] BERAS PREMIUM BEFOOD SETRA RAMOS 5 KG	BERAS JADI	Pcs	1,600.00	1,600.00	118,120,000.00	118,120,000.00	Fully Invoiced
SPB Sidrap	2026-09-18 13:37:36	SO/076/09/2026/27307	8620 - Perum BULOG	KANCAB/KANWIL	[B0020185A] BERAS PREMIUM BEFOOD PUNOKAWAN 10 KG	BERAS JADI	Pcs	200.00	200.00	29,170,000.00	29,170,000.00	Fully Invoiced
SPB Sidrap	2026-09-18 13:37:36	SO/076/09/2026/27307	8620 - Perum BULOG	KANCAB/KANWIL	[B0020187A] BERAS PREMIUM BEFOOD PUNOKAWAN 25 KG	BERAS JADI	Pcs	1,200.00	1,200.00	433,200,000.00	433,200,000.00	Fully Invoiced
SPB Makassar	2026-09-18 13:21:26	SO/218/09/2026/27306	13535 - PT. MIDI UTAMA INDONESIA,TBK (Alfamidi)	RITEL MODERN	[B0020191A] BERAS PREMIUM BEFOOD MALLOPI 10 KG	BERAS JADI	Pcs	200.00	200.00	29,400,000.00	29,400,000.00	Fully Invoiced
SPB Makassar	2026-09-18 13:21:26	SO/218/09/2026/27306	13535 - PT. MIDI UTAMA INDONESIA,TBK (Alfamidi)	RITEL MODERN	[B0020185A] BERAS PREMIUM BEFOOD PUNOKAWAN 10 KG	BERAS JADI	Pcs	800.00	800.00	117,600,000.00	117,600,000.00	Fully Invoiced
SPB Makassar	2026-09-18 13:15:50	SO/217/09/2026/27306	13535 - PT. MIDI UTAMA INDONESIA,TBK (Alfamidi)	RITEL MODERN	[B0020040A] BERAS PREMIUM PUNOKAWAN 5 KG	BERAS JADI	Pcs	2,000.00	2,000.00	148,000,000.00	148,000,000.00	Fully Invoiced
SPB Makassar	2026-09-18 13:13:29	SO/226/09/2026/27306	13535 - PT. MIDI UTAMA INDONESIA,TBK (Alfamidi)	RITEL MODERN	[B0020191A] BERAS PREMIUM BEFOOD MALLOPI 10 KG	BERAS JADI	Pcs	236.00	236.00	34,692,000.00	34,692,000.00	Fully Invoiced
SPB Makassar	2026-09-18 12:27:23	SO/216/09/2026/27306	13535 - PT. MIDI UTAMA INDONESIA,TBK (Alfamidi)	RITEL MODERN	[B0020049A] BERAS PREMIUM BEFOOD SETRA RAMOS 5 KG	BERAS JADI	Pcs	2,000.00	2,000.00	148,000,000.00	148,000,000.00	Fully Invoiced
SPP Kendal	2026-09-18 11:29:27	SO/093/09/2026/27221	8669 - Mohamad Sahidin	PETERNAKAN	[C0250001A] BEKATUL	PRODUK SAMPINGAN	kg	3,150.00	3,150.00	17,325,000.00	15,608,108.11	Fully Invoiced
SPB Makassar	2026-09-18 10:38:14	SO/271/09/2026/27306	8645 - 14416 - HERO RETAIL NUSANTARA	RITEL MODERN	[B0020040A] BERAS PREMIUM PUNOKAWAN 5 KG	BERAS JADI	Pcs	100.00	100.00	7,390,000.00	7,390,000.00	Fully Invoiced
SPB Makassar	2026-09-18 10:29:59	SO/272/09/2026/27306	13427 - PT. MISI PASARAYA INDONESIA	RITEL MODERN	[B0020040A] BERAS PREMIUM PUNOKAWAN 5 KG	BERAS JADI	Pcs	100.00	100.00	7,400,000.00	7,400,000.00	Fully Invoiced
SPB Makassar	2026-09-18 10:29:59	SO/272/09/2026/27306	13427 - PT. MISI PASARAYA INDONESIA	RITEL MODERN	[B0020167A] BERAS PREMIUM MALLOPI 10 KG	BERAS JADI	Pcs	80.00	80.00	11,760,000.00	11,760,000.00	Fully Invoiced
SPB Makassar	2026-09-18 10:29:59	SO/272/09/2026/27306	13427 - PT. MISI PASARAYA INDONESIA	RITEL MODERN	[B0020190A] BERAS PREMIUM BEFOOD MALLOPI 5 KG	BERAS JADI	Pcs	350.00	350.00	25,900,000.00	25,900,000.00	Fully Invoiced
SPB Makassar	2026-09-18 10:29:59	SO/272/09/2026/27306	13427 - PT. MISI PASARAYA INDONESIA	RITEL MODERN	[B0020185A] BERAS PREMIUM BEFOOD PUNOKAWAN 10 KG	BERAS JADI	Pcs	30.00	30.00	4,410,000.00	4,410,000.00	Fully Invoiced
SPB Makassar	2026-09-18 10:29:59	SO/272/09/2026/27306	13427 - PT. MISI PASARAYA INDONESIA	RITEL MODERN	[B0020168A] BERAS PREMIUM MALLOPI 25 KG	BERAS JADI	Pcs	10.00	10.00	3,675,000.00	3,675,000.00	Fully Invoiced
SPP Sumbawa	2026-09-18 10:22:04	SO/016/09/2026/27312	8620 - Perum BULOG	KANCAB/KANWIL	[B0020185A] BERAS PREMIUM BEFOOD PUNOKAWAN 10 KG	BERAS JADI	Pcs	2,000.00	2,000.00	295,000,000.00	295,000,000.00	Fully Invoiced
SPB Sidrap	2026-09-17 19:19:16	SO/075/09/2026/27307	8620 - Perum BULOG	KANCAB/KANWIL	[B0020185A] BERAS PREMIUM BEFOOD PUNOKAWAN 10 KG	BERAS JADI	Pcs	150.00	150.00	21,877,500.00	21,877,500.00	Fully Invoiced
SPP Magetan	2026-09-17 17:39:09	SO/053/09/2026/27226	8620 - Perum BULOG	KANCAB/KANWIL	[B0020040A] BERAS PREMIUM PUNOKAWAN 5 KG	BERAS JADI	Pcs	200.00	200.00	14,749,000.00	14,749,000.00	Fully Invoiced
SPP Subang	2026-09-17 17:27:52	SO/117/09/2026/27111	8646 - 14411 - PT. AKUR PRATAMA (YOGYA GROUP) CIREBON	RITEL MODERN	[B0020185A] BERAS PREMIUM BEFOOD PUNOKAWAN 10 KG	BERAS JADI	Pcs	1,000.00	1,000.00	147,500,000.00	147,500,000.00	Fully Invoiced
SPP Subang	2026-09-17 17:27:12	SO/116/09/2026/27111	13990 - MTI_PT. MANDIRI AKUR PRATAMA ( YOGYA DC TEGAL )	RITEL MODERN	[B0020185A] BERAS PREMIUM BEFOOD PUNOKAWAN 10 KG	BERAS JADI	Pcs	999.00	999.00	147,500,000.00	147,352,500.00	Fully Invoiced
SPP Subang	2026-09-17 17:26:49	SO/115/09/2026/27111	8639 - 14384 - MTI_PT. AKUR PRATAMA (YOGYA GROUP) - BANDUNG	RITEL MODERN	[B0020185A] BERAS PREMIUM BEFOOD PUNOKAWAN 10 KG	BERAS JADI	Pcs	1,000.00	1,000.00	147,500,000.00	147,500,000.00	Fully Invoiced
SPP Subang	2026-09-17 17:26:12	SO/114/09/2026/27111	8639 - 14384 - MTI_PT. AKUR PRATAMA (YOGYA GROUP) - BANDUNG	RITEL MODERN	[B0020185A] BERAS PREMIUM BEFOOD PUNOKAWAN 10 KG	BERAS JADI	Pcs	1,000.00	1,000.00	147,500,000.00	147,500,000.00	Fully Invoiced
SPP Subang	2026-09-17 17:25:17	SO/113/09/2026/27111	8639 - 14384 - MTI_PT. AKUR PRATAMA (YOGYA GROUP) - BANDUNG	RITEL MODERN	[B0020185A] BERAS PREMIUM BEFOOD PUNOKAWAN 10 KG	BERAS JADI	Pcs	1,000.00	1,000.00	147,500,000.00	147,500,000.00	Fully Invoiced
SPP Subang	2026-09-17 17:22:47	SO/112/09/2026/27111	8620 - Perum BULOG	KANCAB/KANWIL	[B0020185A] BERAS PREMIUM BEFOOD PUNOKAWAN 10 KG	BERAS JADI	Pcs	200.00	200.00	29,170,000.00	29,170,000.00	Fully Invoiced
SPP Kendal	2026-09-17 16:59:15	SO/092/09/2026/27221	14634 - PT Megah Daya Inti Harapan (Stock Point Indogrosir Banyumanik)	RITEL MODERN	[B0020040A] BERAS PREMIUM PUNOKAWAN 5 KG	BERAS JADI	Pcs	2,000.00	2,000.00	148,000,000.00	148,000,000.00	Fully Invoiced
SPP Kendal	2026-09-17 16:38:44	SO/091/09/2026/27221	8620 - Perum BULOG	KANCAB/KANWIL	[B0020040A] BERAS PREMIUM PUNOKAWAN 5 KG	BERAS JADI	Pcs	2,000.00	2,000.00	147,490,000.00	147,490,000.00	Fully Invoiced
SPP Kendal	2026-09-17 16:12:27	SO/090/09/2026/27221	13605 - LOTTE SHOPPING INDONESIA (SEMARANG)	RITEL MODERN	[B0020185A] BERAS PREMIUM BEFOOD PUNOKAWAN 10 KG	BERAS JADI	Pcs	200.00	200.00	29,500,000.00	29,500,000.00	Fully Invoiced
SPP Kendal	2026-09-17 16:06:29	SO/089/09/2026/27221	13327 - NAG_PT NAGA SWALAYAN PEKAYON	RITEL MODERN	[B0020185A] BERAS PREMIUM BEFOOD PUNOKAWAN 10 KG	BERAS JADI	Pcs	2,991.00	2,991.00	442,668,000.00	442,668,000.00	Fully Invoiced
SPP Kendal	2026-09-17 15:53:55	SO/088/09/2026/27221	13404 - PT SUPRA BOGA LESTARI TBK (FARMERS MARKET PADMA PLAZA SEMARANG)	RITEL MODERN	[B0020185A] BERAS PREMIUM BEFOOD PUNOKAWAN 10 KG	BERAS JADI	Pcs	10.00	10.00	1,478,000.00	1,478,000.00	Fully Invoiced
SPP Kendal	2026-09-17 15:32:41	SO/087/09/2026/27221	13405 - PT SUPRA BOGA LESTARI TBK (FARMERS MARKET TENTREM MALL SEMARANG)	RITEL MODERN	[B0020185A] BERAS PREMIUM BEFOOD PUNOKAWAN 10 KG	BERAS JADI	Pcs	10.00	10.00	1,478,000.00	1,478,000.00	Fully Invoiced
SPP Kendal	2026-09-17 15:22:39	SO/086/09/2026/27221	13404 - PT SUPRA BOGA LESTARI TBK (FARMERS MARKET PADMA PLAZA SEMARANG)	RITEL MODERN	[B0020049A] BERAS PREMIUM BEFOOD SETRA RAMOS 5 KG	BERAS JADI	Pcs	400.00	400.00	29,560,000.00	29,560,000.00	Fully Invoiced
SPP Kendal	2026-09-17 15:18:30	SO/085/09/2026/27221	13405 - PT SUPRA BOGA LESTARI TBK (FARMERS MARKET TENTREM MALL SEMARANG)	RITEL MODERN	[B0020049A] BERAS PREMIUM BEFOOD SETRA RAMOS 5 KG	BERAS JADI	Pcs	400.00	400.00	29,560,000.00	29,560,000.00	Fully Invoiced
SPP Kendal	2026-09-17 15:06:08	SO/084/09/2026/27221	14538 - SAT_PT SUMBER ALFARIA TRIJAYA	RITEL MODERN	[B0020040A] BERAS PREMIUM PUNOKAWAN 5 KG	BERAS JADI	Pcs	2,000.00	2,000.00	148,000,000.00	148,000,000.00	Fully Invoiced
SPP Kendal	2026-09-17 14:59:04	SO/083/09/2026/27221	14538 - SAT_PT SUMBER ALFARIA TRIJAYA	RITEL MODERN	[B0020040A] BERAS PREMIUM PUNOKAWAN 5 KG	BERAS JADI	Pcs	2,000.00	2,000.00	148,000,000.00	148,000,000.00	Fully Invoiced
SPP Kendal	2026-09-17 14:42:00	SO/082/09/2026/27221	14538 - SAT_PT SUMBER ALFARIA TRIJAYA	RITEL MODERN	[B0020040A] BERAS PREMIUM PUNOKAWAN 5 KG	BERAS JADI	Pcs	1,986.00	1,986.00	146,964,000.00	146,964,000.00	Fully Invoiced
SPP Kendal	2026-09-17 14:33:12	SO/081/09/2026/27221	8697 - 14395 - PT. INDOMARCO PRISMATAMA (DC Semarang)	RITEL MODERN	[B0020049A] BERAS PREMIUM BEFOOD SETRA RAMOS 5 KG	BERAS JADI	Pcs	2,000.00	2,000.00	148,000,000.00	148,000,000.00	Fully Invoiced
SPP Lampung	2026-09-17 10:47:02	SO/040/09/2026/27113	8628 - 14385 - PT INDOMARCO PRISMATAMA	RITEL MODERN	[B0020185A] BERAS PREMIUM BEFOOD PUNOKAWAN 10 KG	BERAS JADI	Pcs	500.00	500.00	73,750,000.00	73,750,000.00	Fully Invoiced
SPP Lampung	2026-09-17 10:45:19	SO/039/09/2026/27113	8628 - 14385 - PT INDOMARCO PRISMATAMA	RITEL MODERN	[B0020185A] BERAS PREMIUM BEFOOD PUNOKAWAN 10 KG	BERAS JADI	Pcs	335.00	335.00	50,297,500.00	49,412,500.00	Fully Invoiced
SPP Lampung	2026-09-17 10:43:09	SO/038/09/2026/27113	13735 - PT. INTI CAKRAWALA CITRA (INDOGROSIR BANDAR LAMPUNG)	RITEL MODERN	[B0020185A] BERAS PREMIUM BEFOOD PUNOKAWAN 10 KG	BERAS JADI	Pcs	1,000.00	1,000.00	146,500,000.00	146,500,000.00	Fully Invoiced
SPP Kendal	2026-09-17 08:48:18	SO/076/09/2026/27221	8697 - 14395 - PT. INDOMARCO PRISMATAMA (DC Semarang)	RITEL MODERN	[B0020040A] BERAS PREMIUM PUNOKAWAN 5 KG	BERAS JADI	Pcs	2,000.00	2,000.00	148,000,000.00	148,000,000.00	Fully Invoiced
SPP Sragen	2026-09-16 20:22:29	SO/079/09/2026/27222	14351 - IDM_PT INDOMARCO PRISMATAMA DEPO MALANG	RITEL MODERN	[B0020185A] BERAS PREMIUM BEFOOD PUNOKAWAN 10 KG	BERAS JADI	Pcs	442.00	442.00	65,195,000.00	65,195,000.00	Fully Invoiced
SPP Sragen	2026-09-16 20:22:16	SO/077/09/2026/27222	8620 - Perum BULOG	KANCAB/KANWIL	[B0020049A] BERAS PREMIUM BEFOOD SETRA RAMOS 5 KG	BERAS JADI	Pcs	200.00	200.00	14,765,000.00	14,765,000.00	Fully Invoiced
SPP Sragen	2026-09-16 20:21:59	SO/074/09/2026/27222	14351 - IDM_PT INDOMARCO PRISMATAMA DEPO MALANG	RITEL MODERN	[B0020049A] BERAS PREMIUM BEFOOD SETRA RAMOS 5 KG	BERAS JADI	Pcs	1,995.00	1,995.00	148,000,000.00	147,630,000.00	Fully Invoiced
SPP Sragen	2026-09-16 20:21:52	SO/073/09/2026/27222	14351 - IDM_PT INDOMARCO PRISMATAMA DEPO MALANG	RITEL MODERN	[B0020049A] BERAS PREMIUM BEFOOD SETRA RAMOS 5 KG	BERAS JADI	Pcs	4,000.00	4,000.00	296,000,000.00	296,000,000.00	Fully Invoiced
SPP Sragen	2026-09-16 20:21:19	SO/068/09/2026/27222	14367 - SAT_PT SUMBER ALFARIA TRIJAYA DC MALANG	RITEL MODERN	[B0020040A] BERAS PREMIUM PUNOKAWAN 5 KG	BERAS JADI	Pcs	1,000.00	1,000.00	74,000,000.00	74,000,000.00	Fully Invoiced
SPP Sragen	2026-09-16 20:21:11	SO/067/09/2026/27222	14367 - SAT_PT SUMBER ALFARIA TRIJAYA DC MALANG	RITEL MODERN	[B0020049A] BERAS PREMIUM BEFOOD SETRA RAMOS 5 KG	BERAS JADI	Pcs	2,600.00	2,600.00	192,400,000.00	192,400,000.00	Fully Invoiced
SPP Sragen	2026-09-16 20:21:11	SO/067/09/2026/27222	14367 - SAT_PT SUMBER ALFARIA TRIJAYA DC MALANG	RITEL MODERN	[B0020040A] BERAS PREMIUM PUNOKAWAN 5 KG	BERAS JADI	Pcs	2,395.00	2,395.00	177,230,000.00	177,230,000.00	Fully Invoiced
SPP Sragen	2026-09-16 20:21:03	SO/066/09/2026/27222	8620 - Perum BULOG	KANCAB/KANWIL	[B0020145A] BERAS PREMIUM BEFOOD SLYP SUPER 5 KG	BERAS JADI	Pcs	400.00	400.00	29,294,000.00	29,294,000.00	Fully Invoiced
SPP Sragen	2026-09-16 20:20:55	SO/065/09/2026/27222	8620 - Perum BULOG	KANCAB/KANWIL	[B0020049A] BERAS PREMIUM BEFOOD SETRA RAMOS 5 KG	BERAS JADI	Pcs	200.00	200.00	14,765,000.00	14,765,000.00	Fully Invoiced
SPP Sragen	2026-09-16 20:20:35	SO/063/09/2026/27222	14367 - SAT_PT SUMBER ALFARIA TRIJAYA DC MALANG	RITEL MODERN	[B0020040A] BERAS PREMIUM PUNOKAWAN 5 KG	BERAS JADI	Pcs	2,541.00	2,541.00	188,034,000.00	188,034,000.00	Fully Invoiced
SPP Sragen	2026-09-16 20:20:35	SO/063/09/2026/27222	14367 - SAT_PT SUMBER ALFARIA TRIJAYA DC MALANG	RITEL MODERN	[B0020049A] BERAS PREMIUM BEFOOD SETRA RAMOS 5 KG	BERAS JADI	Pcs	3,480.00	3,480.00	257,520,000.00	257,520,000.00	Fully Invoiced
SPB Sidrap	2026-09-16 19:08:22	SO/074/09/2026/27307	8620 - Perum BULOG	KANCAB/KANWIL	[B0020186A] BERAS PREMIUM BEFOOD PUNOKAWAN 20 KG	BERAS JADI	Pcs	2,500.00	2,500.00	764,900,000.00	764,900,000.00	Fully Invoiced
SPB Sidrap	2026-09-16 18:06:05	SO/073/09/2026/27307	8620 - Perum BULOG	KANCAB/KANWIL	[B0020185A] BERAS PREMIUM BEFOOD PUNOKAWAN 10 KG	BERAS JADI	Pcs	250.00	250.00	36,462,500.00	36,462,500.00	Fully Invoiced
SPB Lombok Timur	2026-09-16 16:56:35	SO/036/09/2026/27310	13900 - SAT_PT SUMBER ALFARIA TRIJAYA DC LOMBOK	RITEL MODERN	[B0020049A] BERAS PREMIUM BEFOOD SETRA RAMOS 5 KG	BERAS JADI	Pcs	2,000.00	2,000.00	148,000,000.00	148,000,000.00	Fully Invoiced
SPB Sukoharjo	2026-09-16 16:11:00	SO/074/09/2026/27218	13925 - MTI_CV ANEKA JAYA MRANGGEN	RITEL MODERN	[B0020040A] BERAS PREMIUM PUNOKAWAN 5 KG	BERAS JADI	Pcs	300.00	300.00	22,200,000.00	22,200,000.00	Fully Invoiced
SPB Sukoharjo	2026-09-16 16:11:00	SO/074/09/2026/27218	13925 - MTI_CV ANEKA JAYA MRANGGEN	RITEL MODERN	[B0020049A] BERAS PREMIUM BEFOOD SETRA RAMOS 5 KG	BERAS JADI	Pcs	300.00	300.00	22,200,000.00	22,200,000.00	Fully Invoiced
SPB Sukoharjo	2026-09-16 16:11:00	SO/074/09/2026/27218	13925 - MTI_CV ANEKA JAYA MRANGGEN	RITEL MODERN	[B0020185A] BERAS PREMIUM BEFOOD PUNOKAWAN 10 KG	BERAS JADI	Pcs	20.00	20.00	2,940,000.00	2,940,000.00	Fully Invoiced
SPB Sidoarjo	2026-09-16 15:09:28	SO/067/09/2026/27219	8620 - Perum BULOG	KANCAB/KANWIL	[MKLN001] Jasa Maklon	SERVICES	kg	0.00	450,000.00	67,500,000.00	67,500,000.00	Fully Invoiced
SPB Lombok Timur	2026-09-16 14:07:26	SO/040/09/2026/27310	3652 - MUHAMMAD DEDI	PERORANGAN	[B0020049A] BERAS PREMIUM BEFOOD SETRA RAMOS 5 KG	BERAS JADI	Pcs	2,000.00	2,000.00	147,000,000.00	147,000,000.00	Fully Invoiced
SPB Lombok Timur	2026-09-16 14:07:15	SO/039/09/2026/27310	13270 - M. RIZALUL HATIM	PERORANGAN	[C0300001A] BUTIR RIJEK	PRODUK SAMPINGAN	kg	2,681.00	2,681.00	14,745,500.00	14,745,500.00	Fully Invoiced
SPB Lombok Timur	2026-09-16 14:03:36	SO/038/09/2026/27310	8734 - SAPRINAH	PERORANGAN	[C0250001A] BEKATUL	PRODUK SAMPINGAN	kg	11,065.00	11,065.00	49,792,500.00	44,858,108.11	Fully Invoiced
SPB Lombok Timur	2026-09-16 14:03:03	SO/037/09/2026/27310	14632 - HAJJAH B. MINAWATI	TOKO/AGEN	[C0240001A] MENIR	PRODUK SAMPINGAN	kg	1,510.00	1,510.00	12,555,500.00	12,555,500.00	Fully Invoiced
SPB Sidoarjo	2026-09-16 13:43:15	SO/066/09/2026/27219	13415 - PT. SUPRA BOGA LESTARI (RANCH MARKET)	RITEL MODERN	[B0020185A] BERAS PREMIUM BEFOOD PUNOKAWAN 10 KG	BERAS JADI	Pcs	200.00	200.00	29,600,000.00	29,600,000.00	Fully Invoiced
SPP Lampung	2026-09-16 11:52:09	SO/048/09/2026/27113	13189 - IWAN ADI SAPUTRA	PERORANGAN	[C0250001A] BEKATUL	PRODUK SAMPINGAN	kg	9,640.00	9,640.00	38,560,000.00	34,738,738.74	Fully Invoiced
SPP Lampung	2026-09-16 11:37:09	SO/047/09/2026/27113	8664 - UJANG SUHAYA	PERORANGAN	[C0240001A] MENIR	PRODUK SAMPINGAN	kg	800.00	800.00	6,000,000.00	6,000,000.00	Fully Invoiced
SPP Lampung	2026-09-16 11:37:09	SO/047/09/2026/27113	8664 - UJANG SUHAYA	PERORANGAN	[C0230001A] BROKEN	PRODUK SAMPINGAN	kg	1,200.00	1,200.00	13,200,000.00	13,200,000.00	Fully Invoiced
SPB Makassar	2026-09-16 11:19:20	SO/249/09/2026/27306	8635 - 14474 - PT. RAMAYANA LESTARI SENTOSA TBK (RAMAYANA)	RITEL MODERN	[B0020040A] BERAS PREMIUM PUNOKAWAN 5 KG	BERAS JADI	Pcs	100.00	100.00	7,350,000.00	7,350,000.00	Fully Invoiced
SPB Makassar	2026-09-16 09:44:05	SO/250/09/2026/27306	14553 - ALWI	PERORANGAN	[B0020168A] BERAS PREMIUM MALLOPI 25 KG	BERAS JADI	Pcs	9.00	9.00	3,307,500.00	3,307,500.00	Fully Invoiced
SPB Makassar	2026-09-16 09:44:05	SO/250/09/2026/27306	14553 - ALWI	PERORANGAN	[B0020040A] BERAS PREMIUM PUNOKAWAN 5 KG	BERAS JADI	Pcs	15.00	15.00	1,110,000.00	1,110,000.00	Fully Invoiced
SPB Makassar	2026-09-16 09:44:05	SO/250/09/2026/27306	14553 - ALWI	PERORANGAN	[B0020190A] BERAS PREMIUM BEFOOD MALLOPI 5 KG	BERAS JADI	Pcs	11.00	11.00	814,000.00	814,000.00	Fully Invoiced
SPB Makassar	2026-09-16 09:44:05	SO/250/09/2026/27306	14553 - ALWI	PERORANGAN	[B0020167A] BERAS PREMIUM MALLOPI 10 KG	BERAS JADI	Pcs	5.00	5.00	735,000.00	735,000.00	Fully Invoiced
SPB Makassar	2026-09-16 09:13:44	SO/248/09/2026/27306	14615 - PT. CITRA RETAILINDO UMUM	RITEL MODERN	[B0020190A] BERAS PREMIUM BEFOOD MALLOPI 5 KG	BERAS JADI	Pcs	60.00	60.00	4,410,000.00	4,410,000.00	Fully Invoiced
SPB Makassar	2026-09-16 08:56:19	SO/247/09/2026/27306	8782 - RPK HASIL HARAPAN	TOKO/AGEN	[C0250001A] BEKATUL	PRODUK SAMPINGAN	kg	112.00	112.00	403,200.00	363,243.24	Fully Invoiced
SPP Kendal	2026-09-15 17:42:17	SO/080/09/2026/27221	8669 - Mohamad Sahidin	PETERNAKAN	[C0240001A] MENIR	PRODUK SAMPINGAN	kg	1,000.00	1,000.00	6,000,000.00	6,000,000.00	Fully Invoiced
SPP Kendal	2026-09-15 17:42:17	SO/080/09/2026/27221	8669 - Mohamad Sahidin	PETERNAKAN	[C0300001A] BUTIR RIJEK	PRODUK SAMPINGAN	kg	2,200.00	2,200.00	15,400,000.00	15,400,000.00	Fully Invoiced
SPP Kendal	2026-09-15 17:32:00	SO/079/09/2026/27221	8850 - Jaryanto	PETERNAKAN	[C0230001A] BROKEN	PRODUK SAMPINGAN	kg	1,650.00	1,650.00	19,800,000.00	19,800,000.00	Fully Invoiced
SPP Kendal	2026-09-15 17:32:00	SO/079/09/2026/27221	8850 - Jaryanto	PETERNAKAN	[C0240001A] MENIR	PRODUK SAMPINGAN	kg	8,350.00	8,350.00	73,450,000.00	73,450,000.00	Fully Invoiced
SPP Kendal	2026-09-15 17:19:42	SO/078/09/2026/27221	14554 - Agus Adhi Setiawan	PERORANGAN	[C0230001A] BROKEN	PRODUK SAMPINGAN	kg	10,000.00	10,000.00	120,000,000.00	120,000,000.00	Fully Invoiced
SPB Sidrap	2026-09-15 17:17:05	SO/066/09/2026/27307	8628 - 14385 - PT INDOMARCO PRISMATAMA	RITEL MODERN	[B0020185A] BERAS PREMIUM BEFOOD PUNOKAWAN 10 KG	BERAS JADI	Pcs	514.00	514.00	75,815,000.00	75,815,000.00	Fully Invoiced
SPB Sidrap	2026-09-15 17:17:00	SO/065/09/2026/27307	8628 - 14385 - PT INDOMARCO PRISMATAMA	RITEL MODERN	[B0020040A] BERAS PREMIUM PUNOKAWAN 5 KG	BERAS JADI	Pcs	1,000.00	1,000.00	74,000,000.00	74,000,000.00	Fully Invoiced
SPB Sidrap	2026-09-15 17:16:56	SO/062/09/2026/27307	8628 - 14385 - PT INDOMARCO PRISMATAMA	RITEL MODERN	[B0020049A] BERAS PREMIUM BEFOOD SETRA RAMOS 5 KG	BERAS JADI	Pcs	2,000.00	2,000.00	148,000,000.00	148,000,000.00	Fully Invoiced
SPB Sidrap	2026-09-15 17:16:38	SO/061/09/2026/27307	8628 - 14385 - PT INDOMARCO PRISMATAMA	RITEL MODERN	[B0020049A] BERAS PREMIUM BEFOOD SETRA RAMOS 5 KG	BERAS JADI	Pcs	2,000.00	2,000.00	148,000,000.00	148,000,000.00	Fully Invoiced
SPP Kendal	2026-09-15 16:52:03	SO/077/09/2026/27221	8669 - Mohamad Sahidin	PETERNAKAN	[C0250001A] BEKATUL	PRODUK SAMPINGAN	kg	7,700.00	7,700.00	42,350,000.00	38,153,153.15	Fully Invoiced
SPP Jember	2026-09-15 15:19:51	SO/065/09/2026/27224	8620 - Perum BULOG	KANCAB/KANWIL	[E0050087V] PENDAPATAN JASA REPROSES BERAS	NON COMODITY / LAINNYA	kg	0.00	100,000.00	25,000,000.00	25,000,000.00	Fully Invoiced
SPP Jember	2026-09-15 15:18:17	SO/064/09/2026/27224	8620 - Perum BULOG	KANCAB/KANWIL	[E0050087V] PENDAPATAN JASA REPROSES BERAS	NON COMODITY / LAINNYA	kg	0.00	150,000.00	37,500,000.00	37,500,000.00	Fully Invoiced
SPP Jember	2026-09-15 15:16:46	SO/063/09/2026/27224	8620 - Perum BULOG	KANCAB/KANWIL	[E0050087V] PENDAPATAN JASA REPROSES BERAS	NON COMODITY / LAINNYA	kg	0.00	150,000.00	37,500,000.00	37,500,000.00	Fully Invoiced
SPP Jember	2026-09-15 15:15:05	SO/062/09/2026/27224	8620 - Perum BULOG	KANCAB/KANWIL	[E0050087V] PENDAPATAN JASA REPROSES BERAS	NON COMODITY / LAINNYA	kg	0.00	297,250.00	74,312,500.00	74,312,500.00	Fully Invoiced
SPP Jember	2026-09-15 15:13:09	SO/061/09/2026/27224	8620 - Perum BULOG	KANCAB/KANWIL	[E0050087V] PENDAPATAN JASA REPROSES BERAS	NON COMODITY / LAINNYA	kg	0.00	25,000.00	6,250,000.00	6,250,000.00	Fully Invoiced
SPP Jember	2026-09-15 15:10:23	SO/060/09/2026/27224	8620 - Perum BULOG	KANCAB/KANWIL	[E0050087V] PENDAPATAN JASA REPROSES BERAS	NON COMODITY / LAINNYA	kg	0.00	100,000.00	25,000,000.00	25,000,000.00	Fully Invoiced
SPP Jember	2026-09-15 15:05:30	SO/059/09/2026/27224	8620 - Perum BULOG	KANCAB/KANWIL	[E0050087V] PENDAPATAN JASA REPROSES BERAS	NON COMODITY / LAINNYA	kg	0.00	100,000.00	25,000,000.00	25,000,000.00	Fully Invoiced
SPB Makassar	2026-09-15 14:41:50	SO/197/09/2026/27306	8641 - 14429 - PT. SATU SAMA JAYA ABADI	RITEL MODERN	[B0020186A] BERAS PREMIUM BEFOOD PUNOKAWAN 20 KG	BERAS JADI	Pcs	50.00	50.00	14,700,000.00	14,700,000.00	Fully Invoiced
SPB Makassar	2026-09-15 14:41:50	SO/197/09/2026/27306	8641 - 14429 - PT. SATU SAMA JAYA ABADI	RITEL MODERN	[B0020185A] BERAS PREMIUM BEFOOD PUNOKAWAN 10 KG	BERAS JADI	Pcs	300.00	300.00	44,100,000.00	44,100,000.00	Fully Invoiced
SPB Makassar	2026-09-15 14:41:50	SO/197/09/2026/27306	8641 - 14429 - PT. SATU SAMA JAYA ABADI	RITEL MODERN	[B0020040A] BERAS PREMIUM PUNOKAWAN 5 KG	BERAS JADI	Pcs	200.00	200.00	14,700,000.00	14,700,000.00	Fully Invoiced
SPB Makassar	2026-09-15 14:34:35	SO/192/09/2026/27306	8641 - 14429 - PT. SATU SAMA JAYA ABADI	RITEL MODERN	[B0020185A] BERAS PREMIUM BEFOOD PUNOKAWAN 10 KG	BERAS JADI	Pcs	10.00	10.00	1,470,000.00	1,470,000.00	Fully Invoiced
SPB Makassar	2026-09-15 14:34:35	SO/192/09/2026/27306	8641 - 14429 - PT. SATU SAMA JAYA ABADI	RITEL MODERN	[B0020040A] BERAS PREMIUM PUNOKAWAN 5 KG	BERAS JADI	Pcs	20.00	20.00	1,470,000.00	1,470,000.00	Fully Invoiced
SPB Makassar	2026-09-15 14:32:19	SO/189/09/2026/27306	13535 - PT. MIDI UTAMA INDONESIA,TBK (Alfamidi)	RITEL MODERN	[B0020049A] BERAS PREMIUM BEFOOD SETRA RAMOS 5 KG	BERAS JADI	Pcs	5,000.00	5,000.00	392,500,000.00	392,500,000.00	Fully Invoiced
SPB Makassar	2026-09-15 14:28:05	SO/194/09/2026/27306	8641 - 14429 - PT. SATU SAMA JAYA ABADI	RITEL MODERN	[B0020185A] BERAS PREMIUM BEFOOD PUNOKAWAN 10 KG	BERAS JADI	Pcs	5.00	5.00	735,000.00	735,000.00	Fully Invoiced
SPB Makassar	2026-09-15 14:28:05	SO/194/09/2026/27306	8641 - 14429 - PT. SATU SAMA JAYA ABADI	RITEL MODERN	[B0020040A] BERAS PREMIUM PUNOKAWAN 5 KG	BERAS JADI	Pcs	30.00	30.00	2,205,000.00	2,205,000.00	Fully Invoiced
SPB Makassar	2026-09-15 14:21:25	SO/195/09/2026/27306	8641 - 14429 - PT. SATU SAMA JAYA ABADI	RITEL MODERN	[B0020185A] BERAS PREMIUM BEFOOD PUNOKAWAN 10 KG	BERAS JADI	Pcs	5.00	5.00	735,000.00	735,000.00	Fully Invoiced
SPP Magetan	2026-09-15 14:12:46	SO/050/09/2026/27226	8620 - Perum BULOG	KANCAB/KANWIL	[B0020169A] BERAS PREMIUM CANDI MULYO 25 KG	BERAS JADI	Pcs	171.00	171.00	61,560,000.00	61,560,000.00	Fully Invoiced
SPB Lombok Timur	2026-09-15 14:12:04	SO/029/09/2026/27310	8626 - 14406 - IDM_PT. INDOMARCO PRISMATAMA (DC LOMBOK)	RITEL MODERN	[B0020049A] BERAS PREMIUM BEFOOD SETRA RAMOS 5 KG	BERAS JADI	Pcs	2,000.00	2,000.00	148,800,000.00	148,800,000.00	Fully Invoiced
SPB Lombok Timur	2026-09-15 14:11:52	SO/026/09/2026/27310	8626 - 14406 - IDM_PT. INDOMARCO PRISMATAMA (DC LOMBOK)	RITEL MODERN	[B0020049A] BERAS PREMIUM BEFOOD SETRA RAMOS 5 KG	BERAS JADI	Pcs	2,000.00	2,000.00	148,800,000.00	148,800,000.00	Fully Invoiced
SPB Makassar	2026-09-15 13:57:45	SO/191/09/2026/27306	8641 - 14429 - PT. SATU SAMA JAYA ABADI	RITEL MODERN	[B0020040A] BERAS PREMIUM PUNOKAWAN 5 KG	BERAS JADI	Pcs	30.00	30.00	2,205,000.00	2,205,000.00	Fully Invoiced
SPB Makassar	2026-09-15 13:36:38	SO/243/09/2026/27306	13427 - PT. MISI PASARAYA INDONESIA	RITEL MODERN	[B0020190A] BERAS PREMIUM BEFOOD MALLOPI 5 KG	BERAS JADI	Pcs	100.00	100.00	7,350,000.00	7,350,000.00	Fully Invoiced
SPB Makassar	2026-09-15 13:36:38	SO/243/09/2026/27306	13427 - PT. MISI PASARAYA INDONESIA	RITEL MODERN	[B0020168A] BERAS PREMIUM MALLOPI 25 KG	BERAS JADI	Pcs	3.00	3.00	1,102,500.00	1,102,500.00	Fully Invoiced
SPB Makassar	2026-09-15 13:36:38	SO/243/09/2026/27306	13427 - PT. MISI PASARAYA INDONESIA	RITEL MODERN	[B0020167A] BERAS PREMIUM MALLOPI 10 KG	BERAS JADI	Pcs	20.00	20.00	2,940,000.00	2,940,000.00	Fully Invoiced
SPB Makassar	2026-09-15 13:29:21	SO/244/09/2026/27306	13427 - PT. MISI PASARAYA INDONESIA	RITEL MODERN	[B0020167A] BERAS PREMIUM MALLOPI 10 KG	BERAS JADI	Pcs	25.00	25.00	3,675,000.00	3,675,000.00	Fully Invoiced
SPB Makassar	2026-09-15 13:29:21	SO/244/09/2026/27306	13427 - PT. MISI PASARAYA INDONESIA	RITEL MODERN	[B0020190A] BERAS PREMIUM BEFOOD MALLOPI 5 KG	BERAS JADI	Pcs	100.00	100.00	7,350,000.00	7,350,000.00	Fully Invoiced
SPB Makassar	2026-09-15 12:50:30	SO/246/09/2026/27306	13784 - PT. SINAR ALAM KARUNIA CEMERLANG	RITEL MODERN	[B0020167A] BERAS PREMIUM MALLOPI 10 KG	BERAS JADI	Pcs	30.00	30.00	4,410,000.00	4,410,000.00	Fully Invoiced
SPB Makassar	2026-09-15 12:50:30	SO/246/09/2026/27306	13784 - PT. SINAR ALAM KARUNIA CEMERLANG	RITEL MODERN	[B0020190A] BERAS PREMIUM BEFOOD MALLOPI 5 KG	BERAS JADI	Pcs	200.00	200.00	14,700,000.00	14,700,000.00	Fully Invoiced
SPB Makassar	2026-09-15 12:50:30	SO/246/09/2026/27306	13784 - PT. SINAR ALAM KARUNIA CEMERLANG	RITEL MODERN	[B0020168A] BERAS PREMIUM MALLOPI 25 KG	BERAS JADI	Pcs	100.00	100.00	36,750,000.00	36,750,000.00	Fully Invoiced
SPB Makassar	2026-09-15 12:33:22	SO/245/09/2026/27306	13786 - CV SALAM SUKSES MANDIRI	RITEL MODERN	[B0020168A] BERAS PREMIUM MALLOPI 25 KG	BERAS JADI	Pcs	5.00	5.00	1,837,500.00	1,837,500.00	Fully Invoiced
SPB Makassar	2026-09-15 12:33:22	SO/245/09/2026/27306	13786 - CV SALAM SUKSES MANDIRI	RITEL MODERN	[B0020190A] BERAS PREMIUM BEFOOD MALLOPI 5 KG	BERAS JADI	Pcs	20.00	20.00	1,470,000.00	1,470,000.00	Fully Invoiced
SPB Makassar	2026-09-15 12:33:22	SO/245/09/2026/27306	13786 - CV SALAM SUKSES MANDIRI	RITEL MODERN	[B0020167A] BERAS PREMIUM MALLOPI 10 KG	BERAS JADI	Pcs	10.00	10.00	1,470,000.00	1,470,000.00	Fully Invoiced
SPB Makassar	2026-09-15 11:34:15	SO/200/09/2026/27306	8680 - CV. MITRA BELANJA SEJAHTERA (KING QUEEN MART)	RITEL MODERN	[B0020167A] BERAS PREMIUM MALLOPI 10 KG	BERAS JADI	Pcs	30.00	30.00	4,410,000.00	4,410,000.00	Fully Invoiced
SPB Makassar	2026-09-15 11:34:15	SO/200/09/2026/27306	8680 - CV. MITRA BELANJA SEJAHTERA (KING QUEEN MART)	RITEL MODERN	[B0020190A] BERAS PREMIUM BEFOOD MALLOPI 5 KG	BERAS JADI	Pcs	50.00	50.00	3,675,000.00	3,675,000.00	Fully Invoiced
SPB Makassar	2026-09-15 11:34:15	SO/200/09/2026/27306	8680 - CV. MITRA BELANJA SEJAHTERA (KING QUEEN MART)	RITEL MODERN	[B0020168A] BERAS PREMIUM MALLOPI 25 KG	BERAS JADI	Pcs	6.00	6.00	2,205,000.00	2,205,000.00	Fully Invoiced
SPB Sidoarjo	2026-09-15 10:26:03	SO/065/09/2026/27219	8620 - Perum BULOG	KANCAB/KANWIL	[B0020185A] BERAS PREMIUM BEFOOD PUNOKAWAN 10 KG	BERAS JADI	Pcs	977.00	977.00	142,495,450.00	142,495,450.00	Fully Invoiced
SPP Sumbawa	2026-09-15 10:17:49	SO/015/09/2026/27312	8620 - Perum BULOG	KANCAB/KANWIL	[B0020185A] BERAS PREMIUM BEFOOD PUNOKAWAN 10 KG	BERAS JADI	Pcs	2,000.00	2,000.00	295,000,000.00	295,000,000.00	Fully Invoiced
SPP Sumbawa	2026-09-15 09:48:54	SO/014/09/2026/27312	13545 - SAT_PT SUMBER ALFARIA TRIJAYA DEPO SUMBAWA	RITEL MODERN	[B0020040A] BERAS PREMIUM PUNOKAWAN 5 KG	BERAS JADI	Pcs	4,050.00	4,050.00	295,718,850.00	295,718,850.00	Fully Invoiced
SPB Makassar	2026-09-15 07:54:27	SO/242/09/2026/27306	14553 - ALWI	PERORANGAN	[B0020186A] BERAS PREMIUM BEFOOD PUNOKAWAN 20 KG	BERAS JADI	Pcs	18.00	18.00	5,292,000.00	5,292,000.00	Fully Invoiced
SPB Makassar	2026-09-15 07:54:27	SO/242/09/2026/27306	14553 - ALWI	PERORANGAN	[B0020168A] BERAS PREMIUM MALLOPI 25 KG	BERAS JADI	Pcs	40.00	40.00	14,700,000.00	14,700,000.00	Fully Invoiced
SPB Makassar	2026-09-15 07:54:27	SO/242/09/2026/27306	14553 - ALWI	PERORANGAN	[B0020167A] BERAS PREMIUM MALLOPI 10 KG	BERAS JADI	Pcs	5.00	5.00	735,000.00	735,000.00	Fully Invoiced
SPB Makassar	2026-09-15 07:54:27	SO/242/09/2026/27306	14553 - ALWI	PERORANGAN	[B0020190A] BERAS PREMIUM BEFOOD MALLOPI 5 KG	BERAS JADI	Pcs	13.00	13.00	955,500.00	955,500.00	Fully Invoiced
SPB Makassar	2026-09-15 07:33:39	SO/241/09/2026/27306	8644 - PELANGGAN UMUM	PERORANGAN	[B0020168A] BERAS PREMIUM MALLOPI 25 KG	BERAS JADI	Pcs	40.00	40.00	14,700,000.00	14,700,000.00	Fully Invoiced
SPB Makassar	2026-09-15 07:24:19	SO/240/09/2026/27306	8683 - Toko Aneka Beras	TOKO/AGEN	[B0020168A] BERAS PREMIUM MALLOPI 25 KG	BERAS JADI	Pcs	20.00	20.00	7,350,000.00	7,350,000.00	Fully Invoiced
SPB Makassar	2026-09-15 07:24:19	SO/240/09/2026/27306	8683 - Toko Aneka Beras	TOKO/AGEN	[B0020190A] BERAS PREMIUM BEFOOD MALLOPI 5 KG	BERAS JADI	Pcs	200.00	200.00	14,800,000.00	14,800,000.00	Fully Invoiced
SPB Makassar	2026-09-15 07:24:19	SO/240/09/2026/27306	8683 - Toko Aneka Beras	TOKO/AGEN	[B0020167A] BERAS PREMIUM MALLOPI 10 KG	BERAS JADI	Pcs	50.00	50.00	7,350,000.00	7,350,000.00	Fully Invoiced
SPB Lombok Timur	2026-09-14 19:52:18	SO/034/09/2026/27310	13947 - PT. LOTTE SHOPPING INDONESIA (LOTTE MART)	RITEL MODERN	[B0020040A] BERAS PREMIUM PUNOKAWAN 5 KG	BERAS JADI	Pcs	300.00	300.00	22,200,000.00	22,200,000.00	Fully Invoiced
SPB Lombok Timur	2026-09-14 19:52:18	SO/034/09/2026/27310	13947 - PT. LOTTE SHOPPING INDONESIA (LOTTE MART)	RITEL MODERN	[B0020049A] BERAS PREMIUM BEFOOD SETRA RAMOS 5 KG	BERAS JADI	Pcs	500.00	500.00	37,000,000.00	37,000,000.00	Fully Invoiced
SPB Lombok Timur	2026-09-14 19:52:06	SO/033/09/2026/27310	13947 - PT. LOTTE SHOPPING INDONESIA (LOTTE MART)	RITEL MODERN	[B0020049A] BERAS PREMIUM BEFOOD SETRA RAMOS 5 KG	BERAS JADI	Pcs	600.00	600.00	44,400,000.00	44,400,000.00	Fully Invoiced
SPB Lombok Timur	2026-09-14 19:52:06	SO/033/09/2026/27310	13947 - PT. LOTTE SHOPPING INDONESIA (LOTTE MART)	RITEL MODERN	[B0020040A] BERAS PREMIUM PUNOKAWAN 5 KG	BERAS JADI	Pcs	600.00	600.00	44,400,000.00	44,400,000.00	Fully Invoiced
SPP Magetan	2026-09-14 17:06:34	SO/049/09/2026/27226	8672 - EKA KARYA	PERORANGAN	[C0250001A] BEKATUL	PRODUK SAMPINGAN	kg	0.00	7,000.00	35,000,000.00	31,531,531.53	Fully Invoiced
SPB Sidoarjo	2026-09-14 16:47:40	SO/064/09/2026/27219	8652 - MUJIADI	PERORANGAN	[C0250001A] BEKATUL	PRODUK SAMPINGAN	kg	1,290.00	1,290.00	6,708,000.00	6,043,243.24	Fully Invoiced
SPP Subang	2026-09-14 16:36:11	SO/118/09/2026/27111	14600 - CV URWAH	PT/CV/SWASTA	[C0240001A] MENIR	PRODUK SAMPINGAN	kg	2,000.00	2,000.00	16,000,000.00	16,000,000.00	Fully Invoiced
SPP Subang	2026-09-14 16:36:11	SO/118/09/2026/27111	14600 - CV URWAH	PT/CV/SWASTA	[C0250001A] BEKATUL	PRODUK SAMPINGAN	kg	10,810.00	10,810.00	49,455,750.00	44,554,729.73	Fully Invoiced
SPB Sukoharjo	2026-09-14 16:16:52	SO/019/08/2026/27218	8688 - 14502 - CV. LARIS ADINATA SEJATI (LARIS KLATEN)	RITEL MODERN	[B0020040A] BERAS PREMIUM PUNOKAWAN 5 KG	BERAS JADI	Pcs	200.00	200.00	14,700,000.00	14,700,000.00	Fully Invoiced
SPB Sukoharjo	2026-09-14 16:16:52	SO/019/08/2026/27218	8688 - 14502 - CV. LARIS ADINATA SEJATI (LARIS KLATEN)	RITEL MODERN	[B0020185A] BERAS PREMIUM BEFOOD PUNOKAWAN 10 KG	BERAS JADI	Pcs	10.00	10.00	1,475,000.00	1,475,000.00	Fully Invoiced
SPB Sukoharjo	2026-09-14 16:16:52	SO/019/08/2026/27218	8688 - 14502 - CV. LARIS ADINATA SEJATI (LARIS KLATEN)	RITEL MODERN	[B0020049A] BERAS PREMIUM BEFOOD SETRA RAMOS 5 KG	BERAS JADI	Pcs	150.00	150.00	11,025,000.00	11,025,000.00	Fully Invoiced
SPB Makassar	2026-09-14 15:57:07	SO/239/09/2026/27306	13355 - RPK KIOS BAROKAH VILLA MUTIARA SUMMARECON	TOKO/AGEN	[B0020049A] BERAS PREMIUM BEFOOD SETRA RAMOS 5 KG	BERAS JADI	Pcs	10.00	10.00	740,000.00	740,000.00	Fully Invoiced
SPB Makassar	2026-09-14 15:57:07	SO/239/09/2026/27306	13355 - RPK KIOS BAROKAH VILLA MUTIARA SUMMARECON	TOKO/AGEN	[B0020168A] BERAS PREMIUM MALLOPI 25 KG	BERAS JADI	Pcs	5.00	5.00	1,837,500.00	1,837,500.00	Fully Invoiced
SPB Makassar	2026-09-14 15:57:07	SO/239/09/2026/27306	13355 - RPK KIOS BAROKAH VILLA MUTIARA SUMMARECON	TOKO/AGEN	[B0020190A] BERAS PREMIUM BEFOOD MALLOPI 5 KG	BERAS JADI	Pcs	20.00	20.00	1,480,000.00	1,480,000.00	Fully Invoiced
SPB Makassar	2026-09-14 15:48:00	SO/238/09/2026/27306	8789 - AMIRUDDIN	PERORANGAN	[B0020049A] BERAS PREMIUM BEFOOD SETRA RAMOS 5 KG	BERAS JADI	Pcs	47.00	47.00	3,454,500.00	3,454,500.00	Fully Invoiced
SPB Sidoarjo	2026-09-14 15:40:43	SO/056/08/2026/27219	8799 - 14421 - MTI_PT SAMUDRA SUKSES MANDIRI (SAMUDRA SUPERMARKET - CITRALAND GREENLAKE)	RITEL MODERN	[B0020040A] BERAS PREMIUM PUNOKAWAN 5 KG	BERAS JADI	Pcs	2,000.00	2,000.00	147,000,000.00	147,000,000.00	Fully Invoiced
SPB Sidoarjo	2026-09-14 15:40:36	SO/052/08/2026/27219	14491 - MTI_PT MEGA TENGGILIS PERMAI (PALAPA TOSERBA TENGGILIS)	RITEL MODERN	[B0020049A] BERAS PREMIUM BEFOOD SETRA RAMOS 5 KG	BERAS JADI	Pcs	500.00	500.00	37,000,000.00	37,000,000.00	Fully Invoiced
SPB Sidoarjo	2026-09-14 15:40:36	SO/052/08/2026/27219	14491 - MTI_PT MEGA TENGGILIS PERMAI (PALAPA TOSERBA TENGGILIS)	RITEL MODERN	[B0020185A] BERAS PREMIUM BEFOOD PUNOKAWAN 10 KG	BERAS JADI	Pcs	100.00	100.00	14,800,000.00	14,800,000.00	Fully Invoiced
SPB Sidoarjo	2026-09-14 15:40:36	SO/052/08/2026/27219	14491 - MTI_PT MEGA TENGGILIS PERMAI (PALAPA TOSERBA TENGGILIS)	RITEL MODERN	[B0020040A] BERAS PREMIUM PUNOKAWAN 5 KG	BERAS JADI	Pcs	500.00	500.00	37,000,000.00	37,000,000.00	Fully Invoiced
SPB Sidoarjo	2026-09-14 15:40:21	SO/051/08/2026/27219	13687 - MTI_PT MEGA KRIAN PERMAI (PALAPA TOSERBA KRIAN)	RITEL MODERN	[B0020185A] BERAS PREMIUM BEFOOD PUNOKAWAN 10 KG	BERAS JADI	Pcs	250.00	250.00	37,000,000.00	37,000,000.00	Fully Invoiced
SPB Sidoarjo	2026-09-14 15:40:21	SO/051/08/2026/27219	13687 - MTI_PT MEGA KRIAN PERMAI (PALAPA TOSERBA KRIAN)	RITEL MODERN	[B0020040A] BERAS PREMIUM PUNOKAWAN 5 KG	BERAS JADI	Pcs	500.00	500.00	37,000,000.00	37,000,000.00	Fully Invoiced
SPB Sidoarjo	2026-09-14 15:40:21	SO/051/08/2026/27219	13687 - MTI_PT MEGA KRIAN PERMAI (PALAPA TOSERBA KRIAN)	RITEL MODERN	[B0020049A] BERAS PREMIUM BEFOOD SETRA RAMOS 5 KG	BERAS JADI	Pcs	500.00	500.00	37,000,000.00	37,000,000.00	Fully Invoiced
SPB Sidoarjo	2026-09-14 15:40:17	SO/050/08/2026/27219	13433 - MTI_PT MEGA WADUNGASRI PERMAI (PALAPA TOSERBA WADUNGASRI)	RITEL MODERN	[B0020040A] BERAS PREMIUM PUNOKAWAN 5 KG	BERAS JADI	Pcs	500.00	500.00	37,000,000.00	37,000,000.00	Fully Invoiced
SPB Sidoarjo	2026-09-14 15:40:17	SO/050/08/2026/27219	13433 - MTI_PT MEGA WADUNGASRI PERMAI (PALAPA TOSERBA WADUNGASRI)	RITEL MODERN	[B0020185A] BERAS PREMIUM BEFOOD PUNOKAWAN 10 KG	BERAS JADI	Pcs	100.00	100.00	14,800,000.00	14,800,000.00	Fully Invoiced
SPB Sidoarjo	2026-09-14 15:40:17	SO/050/08/2026/27219	13433 - MTI_PT MEGA WADUNGASRI PERMAI (PALAPA TOSERBA WADUNGASRI)	RITEL MODERN	[B0020049A] BERAS PREMIUM BEFOOD SETRA RAMOS 5 KG	BERAS JADI	Pcs	500.00	500.00	37,000,000.00	37,000,000.00	Fully Invoiced
SPB Sidoarjo	2026-09-14 15:40:11	SO/049/08/2026/27219	13434 - MTI_PT MEGA SEPANJANG PERMAI (PALAPA TOSERBA SEPANJANG)	RITEL MODERN	[B0020185A] BERAS PREMIUM BEFOOD PUNOKAWAN 10 KG	BERAS JADI	Pcs	250.00	250.00	37,000,000.00	37,000,000.00	Fully Invoiced
SPB Sidoarjo	2026-09-14 15:40:11	SO/049/08/2026/27219	13434 - MTI_PT MEGA SEPANJANG PERMAI (PALAPA TOSERBA SEPANJANG)	RITEL MODERN	[B0020040A] BERAS PREMIUM PUNOKAWAN 5 KG	BERAS JADI	Pcs	500.00	500.00	37,000,000.00	37,000,000.00	Fully Invoiced
SPB Sidoarjo	2026-09-14 15:40:11	SO/049/08/2026/27219	13434 - MTI_PT MEGA SEPANJANG PERMAI (PALAPA TOSERBA SEPANJANG)	RITEL MODERN	[B0020049A] BERAS PREMIUM BEFOOD SETRA RAMOS 5 KG	BERAS JADI	Pcs	500.00	500.00	37,000,000.00	37,000,000.00	Fully Invoiced
SPB Sidoarjo	2026-09-14 15:40:05	SO/048/08/2026/27219	8629 - 14387 - PT Inti Cakrawala Citra (Indogrosir Head Office) it	RITEL MODERN	[B0020040A] BERAS PREMIUM PUNOKAWAN 5 KG	BERAS JADI	Pcs	4,000.00	4,000.00	296,000,000.00	296,000,000.00	Fully Invoiced
SPB Makassar	2026-09-14 15:21:22	SO/237/09/2026/27306	13831 - MTI_TOKO BAJIPAMAI SUPERMARKET	RITEL MODERN	[B0020190A] BERAS PREMIUM BEFOOD MALLOPI 5 KG	BERAS JADI	Pcs	200.00	200.00	14,700,000.00	14,700,000.00	Fully Invoiced
SPB Makassar	2026-09-14 15:21:22	SO/237/09/2026/27306	13831 - MTI_TOKO BAJIPAMAI SUPERMARKET	RITEL MODERN	[B0020168A] BERAS PREMIUM MALLOPI 25 KG	BERAS JADI	Pcs	28.00	28.00	10,290,000.00	10,290,000.00	Fully Invoiced
SPB Makassar	2026-09-14 15:14:47	SO/236/09/2026/27306	13831 - MTI_TOKO BAJIPAMAI SUPERMARKET	RITEL MODERN	[B0020167A] BERAS PREMIUM MALLOPI 10 KG	BERAS JADI	Pcs	100.00	100.00	14,700,000.00	14,700,000.00	Fully Invoiced
SPB Makassar	2026-09-14 14:51:20	SO/235/09/2026/27306	13427 - PT. MISI PASARAYA INDONESIA	RITEL MODERN	[B0020040A] BERAS PREMIUM PUNOKAWAN 5 KG	BERAS JADI	Pcs	100.00	100.00	7,350,000.00	7,350,000.00	Fully Invoiced
SPB Makassar	2026-09-14 14:51:20	SO/235/09/2026/27306	13427 - PT. MISI PASARAYA INDONESIA	RITEL MODERN	[B0020167A] BERAS PREMIUM MALLOPI 10 KG	BERAS JADI	Pcs	110.00	110.00	16,170,000.00	16,170,000.00	Fully Invoiced
SPB Makassar	2026-09-14 14:51:20	SO/235/09/2026/27306	13427 - PT. MISI PASARAYA INDONESIA	RITEL MODERN	[B0020185A] BERAS PREMIUM BEFOOD PUNOKAWAN 10 KG	BERAS JADI	Pcs	30.00	30.00	4,410,000.00	4,410,000.00	Fully Invoiced
SPB Makassar	2026-09-14 14:51:20	SO/235/09/2026/27306	13427 - PT. MISI PASARAYA INDONESIA	RITEL MODERN	[B0020190A] BERAS PREMIUM BEFOOD MALLOPI 5 KG	BERAS JADI	Pcs	350.00	350.00	25,725,000.00	25,725,000.00	Fully Invoiced
SPB Makassar	2026-09-14 14:51:20	SO/235/09/2026/27306	13427 - PT. MISI PASARAYA INDONESIA	RITEL MODERN	[B0020168A] BERAS PREMIUM MALLOPI 25 KG	BERAS JADI	Pcs	17.00	17.00	6,247,500.00	6,247,500.00	Fully Invoiced
SPB Sidrap	2026-09-14 14:13:51	SO/069/09/2026/27307	8628 - 14385 - PT INDOMARCO PRISMATAMA	RITEL MODERN	[B0020049A] BERAS PREMIUM BEFOOD SETRA RAMOS 5 KG	BERAS JADI	Pcs	2,000.00	2,000.00	148,000,000.00	148,000,000.00	Fully Invoiced
SPB Sidrap	2026-09-14 13:28:31	SO/070/09/2026/27307	8797 - PB. SYUKUR 27307	PT/CV/SWASTA	[C0300001A] BUTIR RIJEK	PRODUK SAMPINGAN	kg	3,503.00	3,503.00	15,763,500.00	15,763,500.00	Fully Invoiced
SPB Sidrap	2026-09-14 13:28:31	SO/070/09/2026/27307	8797 - PB. SYUKUR 27307	PT/CV/SWASTA	[C0250001A] BEKATUL	PRODUK SAMPINGAN	kg	9,520.00	9,520.00	33,320,000.00	30,018,018.02	Fully Invoiced
SPB Sidrap	2026-09-14 13:28:31	SO/070/09/2026/27307	8797 - PB. SYUKUR 27307	PT/CV/SWASTA	[C0230001A] BROKEN	PRODUK SAMPINGAN	kg	21,364.00	21,364.00	235,004,000.00	235,004,000.00	Fully Invoiced
SPB Sidrap	2026-09-14 13:28:31	SO/070/09/2026/27307	8797 - PB. SYUKUR 27307	PT/CV/SWASTA	[B0020187A] BERAS PREMIUM BEFOOD PUNOKAWAN 25 KG	BERAS JADI	Pcs	16.00	16.00	5,960,000.00	5,960,000.00	Fully Invoiced
SPB Sidrap	2026-09-14 13:28:31	SO/070/09/2026/27307	8797 - PB. SYUKUR 27307	PT/CV/SWASTA	[C0240001A] MENIR	PRODUK SAMPINGAN	kg	18,037.00	18,037.00	117,240,500.00	117,240,500.00	Fully Invoiced
SPB Sidrap	2026-09-14 13:28:31	SO/070/09/2026/27307	8797 - PB. SYUKUR 27307	PT/CV/SWASTA	[B0020049A] BERAS PREMIUM BEFOOD SETRA RAMOS 5 KG	BERAS JADI	Pcs	55.00	55.00	4,097,500.00	4,097,500.00	Fully Invoiced
SPB Sidrap	2026-09-14 13:28:31	SO/070/09/2026/27307	8797 - PB. SYUKUR 27307	PT/CV/SWASTA	[B0020185A] BERAS PREMIUM BEFOOD PUNOKAWAN 10 KG	BERAS JADI	Pcs	11.00	11.00	1,639,000.00	1,639,000.00	Fully Invoiced
SPB Sidrap	2026-09-14 13:28:31	SO/070/09/2026/27307	8797 - PB. SYUKUR 27307	PT/CV/SWASTA	[B0020040A] BERAS PREMIUM PUNOKAWAN 5 KG	BERAS JADI	Pcs	10.00	10.00	745,000.00	745,000.00	Fully Invoiced
SPP Lampung	2026-09-14 13:23:56	SO/045/09/2026/27113	8620 - Perum BULOG	KANCAB/KANWIL	[B0020040A] BERAS PREMIUM PUNOKAWAN 5 KG	BERAS JADI	Pcs	330.00	330.00	24,335,850.00	24,335,850.00	Fully Invoiced
SPP Lampung	2026-09-14 13:17:19	SO/044/09/2026/27113	8620 - Perum BULOG	KANCAB/KANWIL	[B0020040A] BERAS PREMIUM PUNOKAWAN 5 KG	BERAS JADI	Pcs	120.00	120.00	8,849,400.00	8,849,400.00	Fully Invoiced
UP Mojolaban	2026-09-14 13:13:51	SO/004/09/2026/27205	8620 - Perum BULOG	KANCAB/KANWIL	[MKLN001] Jasa Maklon	SERVICES	kg	0.00	180,000.00	27,000,000.00	27,000,000.00	Fully Invoiced
SPB Makassar	2026-09-14 13:13:04	SO/234/09/2026/27306	13947 - PT. LOTTE SHOPPING INDONESIA (LOTTE MART)	RITEL MODERN	[B0020040A] BERAS PREMIUM PUNOKAWAN 5 KG	BERAS JADI	Pcs	500.00	500.00	37,000,000.00	37,000,000.00	Fully Invoiced
SPB Makassar	2026-09-14 13:03:27	SO/233/09/2026/27306	13947 - PT. LOTTE SHOPPING INDONESIA (LOTTE MART)	RITEL MODERN	[B0020040A] BERAS PREMIUM PUNOKAWAN 5 KG	BERAS JADI	Pcs	600.00	600.00	44,400,000.00	44,400,000.00	Fully Invoiced
SPP Lampung	2026-09-14 13:02:25	SO/043/09/2026/27113	8620 - Perum BULOG	KANCAB/KANWIL	[B0020049A] BERAS PREMIUM BEFOOD SETRA RAMOS 5 KG	BERAS JADI	Pcs	478.00	478.00	35,288,350.00	35,288,350.00	Fully Invoiced
SPP Lampung	2026-09-14 12:47:13	SO/042/09/2026/27113	8620 - Perum BULOG	KANCAB/KANWIL	[B0020186A] BERAS PREMIUM BEFOOD PUNOKAWAN 20 KG	BERAS JADI	Pcs	450.00	450.00	129,960,000.00	129,960,000.00	Fully Invoiced
SPB Makassar	2026-09-14 11:02:06	SO/232/09/2026/27306	13947 - PT. LOTTE SHOPPING INDONESIA (LOTTE MART)	RITEL MODERN	[B0020185A] BERAS PREMIUM BEFOOD PUNOKAWAN 10 KG	BERAS JADI	Pcs	150.00	150.00	22,125,000.00	22,125,000.00	Fully Invoiced
SPP Jember	2026-09-14 10:59:46	SO/058/09/2026/27224	8623 - Muhammad Habibilah	PERORANGAN	[B0020049A] BERAS PREMIUM BEFOOD SETRA RAMOS 5 KG	BERAS JADI	Pcs	132.00	132.00	9,768,000.00	9,768,000.00	Fully Invoiced
SPB Makassar	2026-09-14 10:43:54	SO/231/09/2026/27306	13947 - PT. LOTTE SHOPPING INDONESIA (LOTTE MART)	RITEL MODERN	[B0020185A] BERAS PREMIUM BEFOOD PUNOKAWAN 10 KG	BERAS JADI	Pcs	200.00	200.00	29,500,000.00	29,500,000.00	Fully Invoiced
SPB Makassar	2026-09-14 10:30:45	SO/230/09/2026/27306	13947 - PT. LOTTE SHOPPING INDONESIA (LOTTE MART)	RITEL MODERN	[B0020049A] BERAS PREMIUM BEFOOD SETRA RAMOS 5 KG	BERAS JADI	Pcs	500.00	500.00	37,000,000.00	37,000,000.00	Fully Invoiced
SPB Lombok Timur	2026-09-14 10:23:47	SO/032/09/2026/27310	8620 - Perum BULOG	KANCAB/KANWIL	[MKLN001] Jasa Maklon	SERVICES	kg	0.00	16,850.00	2,527,500.00	2,527,500.00	Fully Invoiced
SPB Lombok Timur	2026-09-14 10:22:40	SO/031/09/2026/27310	8620 - Perum BULOG	KANCAB/KANWIL	[MKLN001] Jasa Maklon	SERVICES	kg	0.00	190,000.00	28,500,000.00	28,500,000.00	Fully Invoiced
SPP Jember	2026-09-14 10:07:59	SO/057/09/2026/27224	8623 - Muhammad Habibilah	PERORANGAN	[C0300001A] BUTIR RIJEK	PRODUK SAMPINGAN	kg	5,150.00	5,150.00	41,200,000.00	41,200,000.00	Fully Invoiced
SPP Jember	2026-09-14 10:07:59	SO/057/09/2026/27224	8623 - Muhammad Habibilah	PERORANGAN	[C0230001A] BROKEN	PRODUK SAMPINGAN	kg	7,600.00	7,600.00	95,155,952.00	95,155,952.00	Fully Invoiced
SPP Jember	2026-09-14 10:07:59	SO/057/09/2026/27224	8623 - Muhammad Habibilah	PERORANGAN	[C0250001A] BEKATUL	PRODUK SAMPINGAN	kg	6,240.00	6,240.00	33,072,000.00	29,794,594.59	Fully Invoiced
SPB Indramayu	2026-09-14 09:31:33	SO/010/09/2026/27110	8620 - Perum BULOG	KANCAB/KANWIL	[B0020185A] BERAS PREMIUM BEFOOD PUNOKAWAN 10 KG	BERAS JADI	Pcs	1,000.00	1,000.00	145,850,000.00	145,850,000.00	Fully Invoiced
UP Mojolaban	2026-09-14 09:12:51	SO/003/09/2026/27205	8620 - Perum BULOG	KANCAB/KANWIL	[B0020016A] BERAS PREMIUM POLOS 50 KG	BERAS JADI	Pcs	100.00	100.00	71,000,000.00	71,000,000.00	Fully Invoiced
SPP Sragen	2026-09-14 06:25:13	SO/049/08/2026/27222	9199 - 14458 - IDM_PT INDOMARCO PRISMATAMA DC KLATEN	RITEL MODERN	[B0020049A] BERAS PREMIUM BEFOOD SETRA RAMOS 5 KG	BERAS JADI	Pcs	2,000.00	2,000.00	148,000,000.00	148,000,000.00	Fully Invoiced
SPP Sragen	2026-09-14 06:25:06	SO/048/08/2026/27222	8653 - 14425 - IDM_PT INDOMARCO PRISMATAMA DC JOMBANG	RITEL MODERN	[B0020049A] BERAS PREMIUM BEFOOD SETRA RAMOS 5 KG	BERAS JADI	Pcs	5,995.00	5,995.00	443,630,000.00	443,630,000.00	Fully Invoiced
SPP Sragen	2026-09-14 06:24:58	SO/047/08/2026/27222	8745 - 14400 - IDM_PT INDOMARCO PRISMATAMA DEPO GRESIK	RITEL MODERN	[B0020049A] BERAS PREMIUM BEFOOD SETRA RAMOS 5 KG	BERAS JADI	Pcs	6,000.00	6,000.00	444,000,000.00	444,000,000.00	Fully Invoiced
SPP Sragen	2026-09-14 06:24:50	SO/046/08/2026/27222	8753 - 14422 - IDM_PT INDOMARCO PRISMATAMA DC SIDOARJO	RITEL MODERN	[B0020049A] BERAS PREMIUM BEFOOD SETRA RAMOS 5 KG	BERAS JADI	Pcs	6,000.00	6,000.00	444,000,000.00	444,000,000.00	Fully Invoiced
SPP Sragen	2026-09-14 06:24:36	SO/045/08/2026/27222	8666 - 14424 - PT Matahari Putra Prima (Hypermart) DC Porong	RITEL MODERN	[B0020185A] BERAS PREMIUM BEFOOD PUNOKAWAN 10 KG	BERAS JADI	Pcs	500.00	500.00	74,000,000.00	74,000,000.00	Fully Invoiced
SPP Sragen	2026-09-14 06:24:23	SO/044/08/2026/27222	8666 - 14424 - PT Matahari Putra Prima (Hypermart) DC Porong	RITEL MODERN	[B0020049A] BERAS PREMIUM BEFOOD SETRA RAMOS 5 KG	BERAS JADI	Pcs	2,500.00	2,500.00	185,000,000.00	185,000,000.00	Fully Invoiced
SPP Sragen	2026-09-14 06:24:23	SO/044/08/2026/27222	8666 - 14424 - PT Matahari Putra Prima (Hypermart) DC Porong	RITEL MODERN	[B0020040A] BERAS PREMIUM PUNOKAWAN 5 KG	BERAS JADI	Pcs	2,500.00	2,500.00	185,000,000.00	185,000,000.00	Fully Invoiced
SPP Sragen	2026-09-14 06:24:15	SO/043/08/2026/27222	8666 - 14424 - PT Matahari Putra Prima (Hypermart) DC Porong	RITEL MODERN	[B0020049A] BERAS PREMIUM BEFOOD SETRA RAMOS 5 KG	BERAS JADI	Pcs	2,500.00	2,500.00	185,000,000.00	185,000,000.00	Fully Invoiced
SPP Sragen	2026-09-14 06:24:15	SO/043/08/2026/27222	8666 - 14424 - PT Matahari Putra Prima (Hypermart) DC Porong	RITEL MODERN	[B0020040A] BERAS PREMIUM PUNOKAWAN 5 KG	BERAS JADI	Pcs	2,500.00	2,500.00	185,000,000.00	185,000,000.00	Fully Invoiced
SPP Sragen	2026-09-14 06:24:07	SO/042/08/2026/27222	8666 - 14424 - PT Matahari Putra Prima (Hypermart) DC Porong	RITEL MODERN	[B0020185A] BERAS PREMIUM BEFOOD PUNOKAWAN 10 KG	BERAS JADI	Pcs	500.00	500.00	74,000,000.00	74,000,000.00	Fully Invoiced
SPP Sragen	2026-09-14 06:23:58	SO/041/08/2026/27222	8666 - 14424 - PT Matahari Putra Prima (Hypermart) DC Porong	RITEL MODERN	[B0020049A] BERAS PREMIUM BEFOOD SETRA RAMOS 5 KG	BERAS JADI	Pcs	2,500.00	2,500.00	185,000,000.00	185,000,000.00	Fully Invoiced
SPP Sragen	2026-09-14 06:23:58	SO/041/08/2026/27222	8666 - 14424 - PT Matahari Putra Prima (Hypermart) DC Porong	RITEL MODERN	[B0020040A] BERAS PREMIUM PUNOKAWAN 5 KG	BERAS JADI	Pcs	2,500.00	2,500.00	185,000,000.00	185,000,000.00	Fully Invoiced
SPP Sragen	2026-09-14 06:23:48	SO/040/08/2026/27222	8666 - 14424 - PT Matahari Putra Prima (Hypermart) DC Porong	RITEL MODERN	[B0020185A] BERAS PREMIUM BEFOOD PUNOKAWAN 10 KG	BERAS JADI	Pcs	500.00	500.00	74,000,000.00	74,000,000.00	Fully Invoiced
SPB Sidrap	2026-09-11 18:35:31	SO/068/09/2026/27307	13535 - PT. MIDI UTAMA INDONESIA,TBK (Alfamidi)	RITEL MODERN	[B0020003A] BERAS PREMIUM MALLOPI 5 KG	BERAS JADI	Pcs	5,000.00	5,000.00	390,000,000.00	390,000,000.00	Fully Invoiced
SPB Sidrap	2026-09-11 18:28:15	SO/067/09/2026/27307	13535 - PT. MIDI UTAMA INDONESIA,TBK (Alfamidi)	RITEL MODERN	[B0020185A] BERAS PREMIUM BEFOOD PUNOKAWAN 10 KG	BERAS JADI	Pcs	2,500.00	2,500.00	387,500,000.00	387,500,000.00	Fully Invoiced
SPB Sidrap	2026-09-11 18:24:19	SO/063/09/2026/27307	8628 - 14385 - PT INDOMARCO PRISMATAMA	RITEL MODERN	[B0020049A] BERAS PREMIUM BEFOOD SETRA RAMOS 5 KG	BERAS JADI	Pcs	2,000.00	2,000.00	148,000,000.00	148,000,000.00	Fully Invoiced
SPB Sidrap	2026-09-11 18:16:04	SO/060/09/2026/27307	8628 - 14385 - PT INDOMARCO PRISMATAMA	RITEL MODERN	[B0020003A] BERAS PREMIUM MALLOPI 5 KG	BERAS JADI	Pcs	1,995.00	1,995.00	146,632,500.00	146,632,500.00	Fully Invoiced
SPB Sidrap	2026-09-11 18:12:59	SO/059/09/2026/27307	8628 - 14385 - PT INDOMARCO PRISMATAMA	RITEL MODERN	[B0020049A] BERAS PREMIUM BEFOOD SETRA RAMOS 5 KG	BERAS JADI	Pcs	2,000.00	2,000.00	148,000,000.00	148,000,000.00	Fully Invoiced
SPB Sidrap	2026-09-11 18:09:11	SO/058/09/2026/27307	8628 - 14385 - PT INDOMARCO PRISMATAMA	RITEL MODERN	[B0020049A] BERAS PREMIUM BEFOOD SETRA RAMOS 5 KG	BERAS JADI	Pcs	995.00	995.00	73,630,000.00	73,630,000.00	Fully Invoiced
SPB Sidrap	2026-09-11 18:03:25	SO/057/09/2026/27307	8628 - 14385 - PT INDOMARCO PRISMATAMA	RITEL MODERN	[B0020185A] BERAS PREMIUM BEFOOD PUNOKAWAN 10 KG	BERAS JADI	Pcs	517.00	517.00	76,257,500.00	76,257,500.00	Fully Invoiced
SPB Sidrap	2026-09-11 17:57:45	SO/056/09/2026/27307	8628 - 14385 - PT INDOMARCO PRISMATAMA	RITEL MODERN	[B0020049A] BERAS PREMIUM BEFOOD SETRA RAMOS 5 KG	BERAS JADI	Pcs	2,000.00	2,000.00	148,000,000.00	148,000,000.00	Fully Invoiced
SPB Sidrap	2026-09-11 17:46:19	SO/055/09/2026/27307	8628 - 14385 - PT INDOMARCO PRISMATAMA	RITEL MODERN	[B0020049A] BERAS PREMIUM BEFOOD SETRA RAMOS 5 KG	BERAS JADI	Pcs	2,000.00	2,000.00	148,000,000.00	148,000,000.00	Fully Invoiced
SPB Sidrap	2026-09-11 17:41:53	SO/054/09/2026/27307	8628 - 14385 - PT INDOMARCO PRISMATAMA	RITEL MODERN	[B0020049A] BERAS PREMIUM BEFOOD SETRA RAMOS 5 KG	BERAS JADI	Pcs	1,995.00	1,995.00	147,630,000.00	147,630,000.00	Fully Invoiced
SPB Sidrap	2026-09-11 17:34:12	SO/053/09/2026/27307	8628 - 14385 - PT INDOMARCO PRISMATAMA	RITEL MODERN	[B0020049A] BERAS PREMIUM BEFOOD SETRA RAMOS 5 KG	BERAS JADI	Pcs	2,000.00	2,000.00	148,000,000.00	148,000,000.00	Fully Invoiced
SPB Sidrap	2026-09-11 17:18:34	SO/052/09/2026/27307	14538 - SAT_PT SUMBER ALFARIA TRIJAYA	RITEL MODERN	[B0020049A] BERAS PREMIUM BEFOOD SETRA RAMOS 5 KG	BERAS JADI	Pcs	2,000.00	2,000.00	148,000,000.00	148,000,000.00	Fully Invoiced
SPB Sidrap	2026-09-11 17:18:34	SO/052/09/2026/27307	14538 - SAT_PT SUMBER ALFARIA TRIJAYA	RITEL MODERN	[B0020040A] BERAS PREMIUM PUNOKAWAN 5 KG	BERAS JADI	Pcs	1,995.00	1,995.00	147,630,000.00	147,630,000.00	Fully Invoiced
SPB Sidrap	2026-09-11 17:15:20	SO/051/09/2026/27307	8628 - 14385 - PT INDOMARCO PRISMATAMA	RITEL MODERN	[B0020049A] BERAS PREMIUM BEFOOD SETRA RAMOS 5 KG	BERAS JADI	Pcs	1,995.00	1,995.00	147,630,000.00	147,630,000.00	Fully Invoiced
SPB Lombok Timur	2026-09-11 17:09:57	SO/030/09/2026/27310	8620 - Perum BULOG	KANCAB/KANWIL	[B0020185A] BERAS PREMIUM BEFOOD PUNOKAWAN 10 KG	BERAS JADI	Pcs	103.00	103.00	15,022,550.00	15,022,550.00	Fully Invoiced
SPB Sidrap	2026-09-11 17:07:57	SO/050/09/2026/27307	14538 - SAT_PT SUMBER ALFARIA TRIJAYA	RITEL MODERN	[B0020040A] BERAS PREMIUM PUNOKAWAN 5 KG	BERAS JADI	Pcs	3,945.00	3,945.00	291,930,000.00	291,930,000.00	Fully Invoiced
SPB Sidrap	2026-09-11 17:07:57	SO/050/09/2026/27307	14538 - SAT_PT SUMBER ALFARIA TRIJAYA	RITEL MODERN	[B0020049A] BERAS PREMIUM BEFOOD SETRA RAMOS 5 KG	BERAS JADI	Pcs	1,995.00	1,995.00	147,630,000.00	147,630,000.00	Fully Invoiced
SPB Sidrap	2026-09-11 17:04:01	SO/049/09/2026/27307	8628 - 14385 - PT INDOMARCO PRISMATAMA	RITEL MODERN	[B0020049A] BERAS PREMIUM BEFOOD SETRA RAMOS 5 KG	BERAS JADI	Pcs	2,000.00	2,000.00	148,000,000.00	148,000,000.00	Fully Invoiced
SPB Sidrap	2026-09-11 17:00:18	SO/048/09/2026/27307	8628 - 14385 - PT INDOMARCO PRISMATAMA	RITEL MODERN	[B0020049A] BERAS PREMIUM BEFOOD SETRA RAMOS 5 KG	BERAS JADI	Pcs	2,000.00	2,000.00	148,000,000.00	148,000,000.00	Fully Invoiced
SPB Sidrap	2026-09-11 16:54:21	SO/047/09/2026/27307	8628 - 14385 - PT INDOMARCO PRISMATAMA	RITEL MODERN	[B0020049A] BERAS PREMIUM BEFOOD SETRA RAMOS 5 KG	BERAS JADI	Pcs	2,000.00	2,000.00	148,000,000.00	148,000,000.00	Fully Invoiced
SPB Sidrap	2026-09-11 16:49:09	SO/046/09/2026/27307	8628 - 14385 - PT INDOMARCO PRISMATAMA	RITEL MODERN	[B0020049A] BERAS PREMIUM BEFOOD SETRA RAMOS 5 KG	BERAS JADI	Pcs	1,990.00	1,990.00	147,260,000.00	147,260,000.00	Fully Invoiced
SPB Sidrap	2026-09-11 16:45:29	SO/041/08/2026/27307	8628 - 14385 - PT INDOMARCO PRISMATAMA	RITEL MODERN	[B0020040A] BERAS PREMIUM PUNOKAWAN 5 KG	BERAS JADI	Pcs	2,000.00	2,000.00	148,000,000.00	148,000,000.00	Fully Invoiced
SPB Sidrap	2026-09-11 16:37:00	SO/045/09/2026/27307	8628 - 14385 - PT INDOMARCO PRISMATAMA	RITEL MODERN	[B0020049A] BERAS PREMIUM BEFOOD SETRA RAMOS 5 KG	BERAS JADI	Pcs	2,000.00	2,000.00	148,000,000.00	148,000,000.00	Fully Invoiced
SPB Sidrap	2026-09-11 16:09:29	SO/040/08/2026/27307	8628 - 14385 - PT INDOMARCO PRISMATAMA	RITEL MODERN	[B0020040A] BERAS PREMIUM PUNOKAWAN 5 KG	BERAS JADI	Pcs	2,000.00	2,000.00	148,000,000.00	148,000,000.00	Fully Invoiced
SPB Sidrap	2026-09-11 16:04:25	SO/039/08/2026/27307	8628 - 14385 - PT INDOMARCO PRISMATAMA	RITEL MODERN	[B0020040A] BERAS PREMIUM PUNOKAWAN 5 KG	BERAS JADI	Pcs	2,000.00	2,000.00	148,000,000.00	148,000,000.00	Fully Invoiced
SPB Sidrap	2026-09-11 15:59:07	SO/038/08/2026/27307	8628 - 14385 - PT INDOMARCO PRISMATAMA	RITEL MODERN	[B0020040A] BERAS PREMIUM PUNOKAWAN 5 KG	BERAS JADI	Pcs	2,000.00	2,000.00	148,000,000.00	148,000,000.00	Fully Invoiced
SPB Sidrap	2026-09-11 15:47:40	SO/037/08/2026/27307	8628 - 14385 - PT INDOMARCO PRISMATAMA	RITEL MODERN	[B0020040A] BERAS PREMIUM PUNOKAWAN 5 KG	BERAS JADI	Pcs	2,000.00	2,000.00	148,000,000.00	148,000,000.00	Fully Invoiced
SPB Makassar	2026-09-11 15:08:10	SO/187/09/2026/27306	8628 - 14385 - PT INDOMARCO PRISMATAMA	RITEL MODERN	[B0020049A] BERAS PREMIUM BEFOOD SETRA RAMOS 5 KG	BERAS JADI	Pcs	2,000.00	2,000.00	148,000,000.00	148,000,000.00	Fully Invoiced
SPP Magetan	2026-09-11 15:05:18	SO/048/09/2026/27226	8620 - Perum BULOG	KANCAB/KANWIL	[B0020040A] BERAS PREMIUM PUNOKAWAN 5 KG	BERAS JADI	Pcs	400.00	400.00	29,498,000.00	29,498,000.00	Fully Invoiced
SPB Makassar	2026-09-11 15:04:53	SO/185/09/2026/27306	8628 - 14385 - PT INDOMARCO PRISMATAMA	RITEL MODERN	[B0020049A] BERAS PREMIUM BEFOOD SETRA RAMOS 5 KG	BERAS JADI	Pcs	2,000.00	2,000.00	148,000,000.00	148,000,000.00	Fully Invoiced
SPB Makassar	2026-09-11 15:01:21	SO/188/09/2026/27306	8633 - 14408 - PT MATAHARI PUTRA PRIMA TBK. (HYPERMART)	RITEL MODERN	[B0020049A] BERAS PREMIUM BEFOOD SETRA RAMOS 5 KG	BERAS JADI	Pcs	25.00	25.00	1,850,000.00	1,850,000.00	Fully Invoiced
SPB Makassar	2026-09-11 15:01:21	SO/188/09/2026/27306	8633 - 14408 - PT MATAHARI PUTRA PRIMA TBK. (HYPERMART)	RITEL MODERN	[B0020040A] BERAS PREMIUM PUNOKAWAN 5 KG	BERAS JADI	Pcs	40.00	40.00	2,960,000.00	2,960,000.00	Fully Invoiced
SPB Makassar	2026-09-11 14:56:01	SO/184/09/2026/27306	8628 - 14385 - PT INDOMARCO PRISMATAMA	RITEL MODERN	[B0020049A] BERAS PREMIUM BEFOOD SETRA RAMOS 5 KG	BERAS JADI	Pcs	2,000.00	2,000.00	148,000,000.00	148,000,000.00	Fully Invoiced
SPB Makassar	2026-09-11 14:53:27	SO/186/09/2026/27306	8633 - 14408 - PT MATAHARI PUTRA PRIMA TBK. (HYPERMART)	RITEL MODERN	[B0020040A] BERAS PREMIUM PUNOKAWAN 5 KG	BERAS JADI	Pcs	40.00	40.00	2,960,000.00	2,960,000.00	Fully Invoiced
SPB Makassar	2026-09-11 14:53:27	SO/186/09/2026/27306	8633 - 14408 - PT MATAHARI PUTRA PRIMA TBK. (HYPERMART)	RITEL MODERN	[B0020049A] BERAS PREMIUM BEFOOD SETRA RAMOS 5 KG	BERAS JADI	Pcs	40.00	40.00	2,960,000.00	2,960,000.00	Fully Invoiced
SPB Makassar	2026-09-11 14:48:34	SO/183/09/2026/27306	8628 - 14385 - PT INDOMARCO PRISMATAMA	RITEL MODERN	[B0020049A] BERAS PREMIUM BEFOOD SETRA RAMOS 5 KG	BERAS JADI	Pcs	2,000.00	2,000.00	148,000,000.00	148,000,000.00	Fully Invoiced
SPP Bojonegoro	2026-09-11 14:42:07	SO/043/09/2026/27223	8745 - 14400 - IDM_PT INDOMARCO PRISMATAMA DEPO GRESIK	RITEL MODERN	[B0020049A] BERAS PREMIUM BEFOOD SETRA RAMOS 5 KG	BERAS JADI	Pcs	2,000.00	2,000.00	148,000,000.00	148,000,000.00	Fully Invoiced
SPP Bojonegoro	2026-09-11 14:41:59	SO/042/09/2026/27223	8744 - 14423 - IDM_PT INDOMARCO PRISMATAMA DC GRESIK	RITEL MODERN	[B0020049A] BERAS PREMIUM BEFOOD SETRA RAMOS 5 KG	BERAS JADI	Pcs	3,995.00	3,995.00	295,630,000.00	295,630,000.00	Fully Invoiced
SPB Makassar	2026-09-11 14:40:10	SO/179/09/2026/27306	8641 - 14429 - PT. SATU SAMA JAYA ABADI	RITEL MODERN	[B0020040A] BERAS PREMIUM PUNOKAWAN 5 KG	BERAS JADI	Pcs	20.00	20.00	1,470,000.00	1,470,000.00	Fully Invoiced
SPB Makassar	2026-09-11 14:40:10	SO/179/09/2026/27306	8641 - 14429 - PT. SATU SAMA JAYA ABADI	RITEL MODERN	[B0020185A] BERAS PREMIUM BEFOOD PUNOKAWAN 10 KG	BERAS JADI	Pcs	15.00	15.00	2,205,000.00	2,205,000.00	Fully Invoiced
SPB Makassar	2026-09-11 14:40:10	SO/179/09/2026/27306	8641 - 14429 - PT. SATU SAMA JAYA ABADI	RITEL MODERN	[B0020186A] BERAS PREMIUM BEFOOD PUNOKAWAN 20 KG	BERAS JADI	Pcs	5.00	5.00	1,470,000.00	1,470,000.00	Fully Invoiced
SPB Makassar	2026-09-11 14:38:23	SO/182/09/2026/27306	8628 - 14385 - PT INDOMARCO PRISMATAMA	RITEL MODERN	[B0020049A] BERAS PREMIUM BEFOOD SETRA RAMOS 5 KG	BERAS JADI	Pcs	2,000.00	2,000.00	148,000,000.00	148,000,000.00	Fully Invoiced
SPB Makassar	2026-09-11 14:29:13	SO/178/09/2026/27306	8641 - 14429 - PT. SATU SAMA JAYA ABADI	RITEL MODERN	[B0020040A] BERAS PREMIUM PUNOKAWAN 5 KG	BERAS JADI	Pcs	100.00	100.00	7,350,000.00	7,350,000.00	Fully Invoiced
SPB Makassar	2026-09-11 14:29:13	SO/178/09/2026/27306	8641 - 14429 - PT. SATU SAMA JAYA ABADI	RITEL MODERN	[B0020185A] BERAS PREMIUM BEFOOD PUNOKAWAN 10 KG	BERAS JADI	Pcs	100.00	100.00	14,700,000.00	14,700,000.00	Fully Invoiced
SPB Makassar	2026-09-11 14:29:13	SO/178/09/2026/27306	8641 - 14429 - PT. SATU SAMA JAYA ABADI	RITEL MODERN	[B0020186A] BERAS PREMIUM BEFOOD PUNOKAWAN 20 KG	BERAS JADI	Pcs	35.00	35.00	10,290,000.00	10,290,000.00	Fully Invoiced
SPB Makassar	2026-09-11 14:29:13	SO/178/09/2026/27306	8641 - 14429 - PT. SATU SAMA JAYA ABADI	RITEL MODERN	[B0020190A] BERAS PREMIUM BEFOOD MALLOPI 5 KG	BERAS JADI	Pcs	50.00	50.00	3,675,000.00	3,675,000.00	Fully Invoiced
SPB Makassar	2026-09-11 14:18:44	SO/177/09/2026/27306	8641 - 14429 - PT. SATU SAMA JAYA ABADI	RITEL MODERN	[B0020040A] BERAS PREMIUM PUNOKAWAN 5 KG	BERAS JADI	Pcs	30.00	30.00	2,205,000.00	2,205,000.00	Fully Invoiced
SPB Makassar	2026-09-11 14:18:44	SO/177/09/2026/27306	8641 - 14429 - PT. SATU SAMA JAYA ABADI	RITEL MODERN	[B0020185A] BERAS PREMIUM BEFOOD PUNOKAWAN 10 KG	BERAS JADI	Pcs	25.00	25.00	3,675,000.00	3,675,000.00	Fully Invoiced
SPB Makassar	2026-09-11 14:18:44	SO/177/09/2026/27306	8641 - 14429 - PT. SATU SAMA JAYA ABADI	RITEL MODERN	[B0020186A] BERAS PREMIUM BEFOOD PUNOKAWAN 20 KG	BERAS JADI	Pcs	10.00	10.00	2,940,000.00	2,940,000.00	Fully Invoiced
SPP Bojonegoro	2026-09-11 14:14:06	SO/041/09/2026/27223	8745 - 14400 - IDM_PT INDOMARCO PRISMATAMA DEPO GRESIK	RITEL MODERN	[B0020049A] BERAS PREMIUM BEFOOD SETRA RAMOS 5 KG	BERAS JADI	Pcs	6,000.00	6,000.00	444,000,000.00	444,000,000.00	Fully Invoiced
SPB Makassar	2026-09-11 14:10:27	SO/175/09/2026/27306	8641 - 14429 - PT. SATU SAMA JAYA ABADI	RITEL MODERN	[B0020185A] BERAS PREMIUM BEFOOD PUNOKAWAN 10 KG	BERAS JADI	Pcs	200.00	200.00	29,400,000.00	29,400,000.00	Fully Invoiced
SPB Makassar	2026-09-11 14:10:27	SO/175/09/2026/27306	8641 - 14429 - PT. SATU SAMA JAYA ABADI	RITEL MODERN	[B0020040A] BERAS PREMIUM PUNOKAWAN 5 KG	BERAS JADI	Pcs	500.00	500.00	36,750,000.00	36,750,000.00	Fully Invoiced
SPB Makassar	2026-09-11 14:10:27	SO/175/09/2026/27306	8641 - 14429 - PT. SATU SAMA JAYA ABADI	RITEL MODERN	[B0020186A] BERAS PREMIUM BEFOOD PUNOKAWAN 20 KG	BERAS JADI	Pcs	60.00	60.00	17,640,000.00	17,640,000.00	Fully Invoiced
SPB Makassar	2026-09-11 14:10:27	SO/175/09/2026/27306	8641 - 14429 - PT. SATU SAMA JAYA ABADI	RITEL MODERN	[B0020190A] BERAS PREMIUM BEFOOD MALLOPI 5 KG	BERAS JADI	Pcs	100.00	100.00	7,350,000.00	7,350,000.00	Fully Invoiced
SPB Makassar	2026-09-11 13:50:52	SO/173/09/2026/27306	8641 - 14429 - PT. SATU SAMA JAYA ABADI	RITEL MODERN	[B0020040A] BERAS PREMIUM PUNOKAWAN 5 KG	BERAS JADI	Pcs	250.00	250.00	18,375,000.00	18,375,000.00	Fully Invoiced
SPB Makassar	2026-09-11 13:50:52	SO/173/09/2026/27306	8641 - 14429 - PT. SATU SAMA JAYA ABADI	RITEL MODERN	[B0020185A] BERAS PREMIUM BEFOOD PUNOKAWAN 10 KG	BERAS JADI	Pcs	100.00	100.00	14,700,000.00	14,700,000.00	Fully Invoiced
SPB Makassar	2026-09-11 13:50:52	SO/173/09/2026/27306	8641 - 14429 - PT. SATU SAMA JAYA ABADI	RITEL MODERN	[B0020190A] BERAS PREMIUM BEFOOD MALLOPI 5 KG	BERAS JADI	Pcs	100.00	100.00	7,350,000.00	7,350,000.00	Fully Invoiced
SPB Makassar	2026-09-11 13:50:52	SO/173/09/2026/27306	8641 - 14429 - PT. SATU SAMA JAYA ABADI	RITEL MODERN	[B0020186A] BERAS PREMIUM BEFOOD PUNOKAWAN 20 KG	BERAS JADI	Pcs	50.00	50.00	14,700,000.00	14,700,000.00	Fully Invoiced
SPB Makassar	2026-09-11 13:09:58	SO/161/09/2026/27306	14431 - PT. KAGE DWIJAYA (DIAMOND) MAKASSAR	RITEL MODERN	[B0020186A] BERAS PREMIUM BEFOOD PUNOKAWAN 20 KG	BERAS JADI	Pcs	150.00	150.00	44,100,000.00	44,100,000.00	Fully Invoiced
SPB Makassar	2026-09-11 13:09:58	SO/161/09/2026/27306	14431 - PT. KAGE DWIJAYA (DIAMOND) MAKASSAR	RITEL MODERN	[B0020185A] BERAS PREMIUM BEFOOD PUNOKAWAN 10 KG	BERAS JADI	Pcs	100.00	100.00	14,700,000.00	14,700,000.00	Fully Invoiced
SPB Makassar	2026-09-11 13:09:58	SO/161/09/2026/27306	14431 - PT. KAGE DWIJAYA (DIAMOND) MAKASSAR	RITEL MODERN	[B0020040A] BERAS PREMIUM PUNOKAWAN 5 KG	BERAS JADI	Pcs	100.00	100.00	7,350,000.00	7,350,000.00	Fully Invoiced
SPB Makassar	2026-09-11 11:14:02	SO/215/09/2026/27306	13723 - PT SUPRA BOGA LESTARI TBK (FARMERS MARKET MAKASSAR)	RITEL MODERN	[B0020049A] BERAS PREMIUM BEFOOD SETRA RAMOS 5 KG	BERAS JADI	Pcs	300.00	300.00	22,050,000.00	22,050,000.00	Fully Invoiced
SPB Makassar	2026-09-11 10:47:36	SO/213/09/2026/27306	8644 - PELANGGAN UMUM	PERORANGAN	[B0020168A] BERAS PREMIUM MALLOPI 25 KG	BERAS JADI	Pcs	4.00	4.00	1,470,000.00	1,470,000.00	Fully Invoiced
SPB Makassar	2026-09-11 10:47:29	SO/212/09/2026/27306	13723 - PT SUPRA BOGA LESTARI TBK (FARMERS MARKET MAKASSAR)	RITEL MODERN	[B0020049A] BERAS PREMIUM BEFOOD SETRA RAMOS 5 KG	BERAS JADI	Pcs	200.00	200.00	14,700,000.00	14,700,000.00	Fully Invoiced
SPB Makassar	2026-09-11 10:39:35	SO/211/09/2026/27306	14372 - RPK DARMA SEJAHTERA	TOKO/AGEN	[B0020185A] BERAS PREMIUM BEFOOD PUNOKAWAN 10 KG	BERAS JADI	Pcs	100.00	100.00	14,700,000.00	14,700,000.00	Fully Invoiced
SPB Makassar	2026-09-11 10:39:35	SO/211/09/2026/27306	14372 - RPK DARMA SEJAHTERA	TOKO/AGEN	[B0020040A] BERAS PREMIUM PUNOKAWAN 5 KG	BERAS JADI	Pcs	50.00	50.00	3,700,000.00	3,700,000.00	Fully Invoiced
SPB Makassar	2026-09-11 10:28:59	SO/210/09/2026/27306	8644 - PELANGGAN UMUM	PERORANGAN	[B0020168A] BERAS PREMIUM MALLOPI 25 KG	BERAS JADI	Pcs	12.00	12.00	4,410,000.00	4,410,000.00	Fully Invoiced
SPB Makassar	2026-09-11 10:20:06	SO/209/09/2026/27306	13595 - CV MITRA WIJAYA BARUGA	HOREKA	[B0020168A] BERAS PREMIUM MALLOPI 25 KG	BERAS JADI	Pcs	40.00	40.00	14,700,000.00	14,700,000.00	Fully Invoiced
SPP Subang	2026-09-11 10:07:06	SO/109/09/2026/27111	8628 - 14385 - PT INDOMARCO PRISMATAMA	RITEL MODERN	[B0020185A] BERAS PREMIUM BEFOOD PUNOKAWAN 10 KG	BERAS JADI	Pcs	215.00	215.00	31,712,500.00	31,712,500.00	Fully Invoiced
SPP Subang	2026-09-11 10:06:22	SO/108/09/2026/27111	8639 - 14384 - MTI_PT. AKUR PRATAMA (YOGYA GROUP) - BANDUNG	RITEL MODERN	[B0020185A] BERAS PREMIUM BEFOOD PUNOKAWAN 10 KG	BERAS JADI	Pcs	1,000.00	1,000.00	147,500,000.00	147,500,000.00	Fully Invoiced
SPP Subang	2026-09-11 10:06:01	SO/107/09/2026/27111	8639 - 14384 - MTI_PT. AKUR PRATAMA (YOGYA GROUP) - BANDUNG	RITEL MODERN	[B0020185A] BERAS PREMIUM BEFOOD PUNOKAWAN 10 KG	BERAS JADI	Pcs	998.00	998.00	147,500,000.00	147,205,000.00	Fully Invoiced
SPP Subang	2026-09-11 10:05:31	SO/106/09/2026/27111	13990 - MTI_PT. MANDIRI AKUR PRATAMA ( YOGYA DC TEGAL )	RITEL MODERN	[B0020185A] BERAS PREMIUM BEFOOD PUNOKAWAN 10 KG	BERAS JADI	Pcs	998.00	998.00	147,500,000.00	147,205,000.00	Fully Invoiced
SPP Subang	2026-09-11 10:04:34	SO/105/09/2026/27111	8620 - Perum BULOG	KANCAB/KANWIL	[B0020185A] BERAS PREMIUM BEFOOD PUNOKAWAN 10 KG	BERAS JADI	Pcs	200.00	200.00	29,170,000.00	29,170,000.00	Fully Invoiced
SPP Subang	2026-09-11 09:29:47	SO/104/09/2026/27111	8620 - Perum BULOG	KANCAB/KANWIL	[B0020185A] BERAS PREMIUM BEFOOD PUNOKAWAN 10 KG	BERAS JADI	Pcs	500.00	500.00	72,925,000.00	72,925,000.00	Fully Invoiced
SPP Subang	2026-09-11 09:28:36	SO/102/09/2026/27111	8662 - 14410 - PT Griya Pratama (Yomart)	RITEL MODERN	[B0020185A] BERAS PREMIUM BEFOOD PUNOKAWAN 10 KG	BERAS JADI	Pcs	1,000.00	1,000.00	146,500,000.00	146,500,000.00	Fully Invoiced
SPP Subang	2026-09-11 09:27:55	SO/101/09/2026/27111	8628 - 14385 - PT INDOMARCO PRISMATAMA	RITEL MODERN	[B0020185A] BERAS PREMIUM BEFOOD PUNOKAWAN 10 KG	BERAS JADI	Pcs	484.00	484.00	71,390,000.00	71,390,000.00	Fully Invoiced
SPP Subang	2026-09-11 09:27:36	SO/100/09/2026/27111	8628 - 14385 - PT INDOMARCO PRISMATAMA	RITEL MODERN	[B0020185A] BERAS PREMIUM BEFOOD PUNOKAWAN 10 KG	BERAS JADI	Pcs	32.00	32.00	4,720,000.00	4,720,000.00	Fully Invoiced
SPP Subang	2026-09-11 09:27:20	SO/099/09/2026/27111	8628 - 14385 - PT INDOMARCO PRISMATAMA	RITEL MODERN	[B0020185A] BERAS PREMIUM BEFOOD PUNOKAWAN 10 KG	BERAS JADI	Pcs	484.00	484.00	71,390,000.00	71,390,000.00	Fully Invoiced
SPP Subang	2026-09-11 09:26:43	SO/098/09/2026/27111	8628 - 14385 - PT INDOMARCO PRISMATAMA	RITEL MODERN	[B0020185A] BERAS PREMIUM BEFOOD PUNOKAWAN 10 KG	BERAS JADI	Pcs	465.00	465.00	68,587,500.00	68,587,500.00	Fully Invoiced
SPP Subang	2026-09-11 09:26:19	SO/097/09/2026/27111	8628 - 14385 - PT INDOMARCO PRISMATAMA	RITEL MODERN	[B0020185A] BERAS PREMIUM BEFOOD PUNOKAWAN 10 KG	BERAS JADI	Pcs	535.00	535.00	78,912,500.00	78,912,500.00	Fully Invoiced
SPP Subang	2026-09-11 09:25:43	SO/096/09/2026/27111	8639 - 14384 - MTI_PT. AKUR PRATAMA (YOGYA GROUP) - BANDUNG	RITEL MODERN	[B0020185A] BERAS PREMIUM BEFOOD PUNOKAWAN 10 KG	BERAS JADI	Pcs	1,000.00	1,000.00	147,500,000.00	147,500,000.00	Fully Invoiced
SPP Subang	2026-09-11 09:24:07	SO/095/09/2026/27111	8639 - 14384 - MTI_PT. AKUR PRATAMA (YOGYA GROUP) - BANDUNG	RITEL MODERN	[B0020185A] BERAS PREMIUM BEFOOD PUNOKAWAN 10 KG	BERAS JADI	Pcs	999.00	999.00	147,500,000.00	147,352,500.00	Fully Invoiced
SPP Subang	2026-09-11 09:22:57	SO/093/09/2026/27111	8633 - 14408 - PT MATAHARI PUTRA PRIMA TBK. (HYPERMART)	RITEL MODERN	[B0020182A] BERAS PREMIUM HYPERMART BERAS BULIR PANJANG 5 KG	BERAS JADI	Pcs	1,000.00	1,000.00	74,000,000.00	74,000,000.00	Fully Invoiced
SPP Subang	2026-09-11 09:21:55	SO/092/09/2026/27111	8633 - 14408 - PT MATAHARI PUTRA PRIMA TBK. (HYPERMART)	RITEL MODERN	[B0020181A] BERAS PREMIUM HYPERMART BERAS SETRA RAMOS 5 KG	BERAS JADI	Pcs	995.00	995.00	74,000,000.00	73,630,000.00	Fully Invoiced
SPP Subang	2026-09-11 09:20:06	SO/091/09/2026/27111	8639 - 14384 - MTI_PT. AKUR PRATAMA (YOGYA GROUP) - BANDUNG	RITEL MODERN	[B0020185A] BERAS PREMIUM BEFOOD PUNOKAWAN 10 KG	BERAS JADI	Pcs	1,000.00	1,000.00	147,500,000.00	147,500,000.00	Fully Invoiced
SPP Subang	2026-09-11 09:19:16	SO/090/09/2026/27111	8900 - 14409 - MTI_PT AKUR PRATAMA (YOGYA GROUP) BOGOR DC KAYU MANIS	RITEL MODERN	[B0020185A] BERAS PREMIUM BEFOOD PUNOKAWAN 10 KG	BERAS JADI	Pcs	999.00	999.00	147,500,000.00	147,352,500.00	Fully Invoiced
SPP Subang	2026-09-11 09:17:59	SO/088/09/2026/27111	8639 - 14384 - MTI_PT. AKUR PRATAMA (YOGYA GROUP) - BANDUNG	RITEL MODERN	[B0020185A] BERAS PREMIUM BEFOOD PUNOKAWAN 10 KG	BERAS JADI	Pcs	1,000.00	1,000.00	147,500,000.00	147,500,000.00	Fully Invoiced
SPP Subang	2026-09-11 09:08:52	SO/089/09/2026/27111	8639 - 14384 - MTI_PT. AKUR PRATAMA (YOGYA GROUP) - BANDUNG	RITEL MODERN	[B0020185A] BERAS PREMIUM BEFOOD PUNOKAWAN 10 KG	BERAS JADI	Pcs	1,000.00	1,000.00	147,500,000.00	147,500,000.00	Fully Invoiced
SPB Makassar	2026-09-11 08:25:54	SO/208/09/2026/27306	8644 - PELANGGAN UMUM	PERORANGAN	[B0020168A] BERAS PREMIUM MALLOPI 25 KG	BERAS JADI	Pcs	38.00	38.00	13,965,000.00	13,965,000.00	Fully Invoiced
SPB Makassar	2026-09-11 08:12:17	SO/207/09/2026/27306	13595 - CV MITRA WIJAYA BARUGA	HOREKA	[B0020168A] BERAS PREMIUM MALLOPI 25 KG	BERAS JADI	Pcs	40.00	40.00	14,700,000.00	14,700,000.00	Fully Invoiced
SPB Sukoharjo	2026-09-10 18:12:16	SO/058/09/2026/27218	8620 - Perum BULOG	KANCAB/KANWIL	[B0020198A] BERAS PREMIUM BERASKITA 20 KG	BERAS JADI	Pcs	138.00	138.00	40,020,000.00	40,020,000.00	Fully Invoiced
SPB Sukoharjo	2026-09-10 18:06:02	SO/057/09/2026/27218	8620 - Perum BULOG	KANCAB/KANWIL	[B0020057A] BERAS PREMIUM BERASKITA PRINTING 1 KG	BERAS JADI	Pcs	10.00	10.00	145,000.00	145,000.00	Fully Invoiced
SPB Lombok Timur	2026-09-10 17:01:52	SO/028/09/2026/27310	13947 - PT. LOTTE SHOPPING INDONESIA (LOTTE MART)	RITEL MODERN	[B0020040A] BERAS PREMIUM PUNOKAWAN 5 KG	BERAS JADI	Pcs	600.00	600.00	44,400,000.00	44,400,000.00	Fully Invoiced
SPB Lombok Timur	2026-09-10 17:01:52	SO/028/09/2026/27310	13947 - PT. LOTTE SHOPPING INDONESIA (LOTTE MART)	RITEL MODERN	[B0020049A] BERAS PREMIUM BEFOOD SETRA RAMOS 5 KG	BERAS JADI	Pcs	600.00	600.00	44,400,000.00	44,400,000.00	Fully Invoiced
SPB Lombok Timur	2026-09-10 17:01:12	SO/027/09/2026/27310	13947 - PT. LOTTE SHOPPING INDONESIA (LOTTE MART)	RITEL MODERN	[B0020185A] BERAS PREMIUM BEFOOD PUNOKAWAN 10 KG	BERAS JADI	Pcs	200.00	200.00	29,600,000.00	29,600,000.00	Fully Invoiced
SPB Sukoharjo	2026-09-10 16:44:34	SO/056/09/2026/27218	8620 - Perum BULOG	KANCAB/KANWIL	[MKLN001] Jasa Maklon	SERVICES	kg	0.00	50,000.00	7,500,000.00	7,500,000.00	Fully Invoiced
SPB Sukoharjo	2026-09-10 16:41:07	SO/055/09/2026/27218	8620 - Perum BULOG	KANCAB/KANWIL	[MKLN001] Jasa Maklon	SERVICES	kg	0.00	50,000.00	7,500,000.00	7,500,000.00	Fully Invoiced
SPB Sukoharjo	2026-09-10 16:38:56	SO/054/09/2026/27218	8620 - Perum BULOG	KANCAB/KANWIL	[MKLN001] Jasa Maklon	SERVICES	kg	0.00	100,000.00	15,000,000.00	15,000,000.00	Fully Invoiced
SPB Sukoharjo	2026-09-10 16:36:35	SO/053/09/2026/27218	8620 - Perum BULOG	KANCAB/KANWIL	[MKLN001] Jasa Maklon	SERVICES	kg	0.00	100,000.00	15,000,000.00	15,000,000.00	Fully Invoiced
SPB Makassar	2026-09-10 15:10:04	SO/206/09/2026/27306	8620 - Perum BULOG	KANCAB/KANWIL	[B0020040A] BERAS PREMIUM PUNOKAWAN 5 KG	BERAS JADI	Pcs	500.00	500.00	36,872,500.00	36,872,500.00	Fully Invoiced
SPB Makassar	2026-09-10 14:53:37	SO/205/09/2026/27306	8620 - Perum BULOG	KANCAB/KANWIL	[B0020040A] BERAS PREMIUM PUNOKAWAN 5 KG	BERAS JADI	Pcs	645.00	645.00	47,891,250.00	47,891,250.00	Fully Invoiced
SPB Makassar	2026-09-10 14:33:46	SO/204/09/2026/27306	13839 - RPK UD PADI MAS	TOKO/AGEN	[C0230001A] BROKEN	PRODUK SAMPINGAN	kg	3,863.00	3,863.00	42,493,000.00	42,493,000.00	Fully Invoiced
SPB Makassar	2026-09-10 14:15:06	SO/203/09/2026/27306	8756 - TOKO AL FATIH	TOKO/AGEN	[C0240001A] MENIR	PRODUK SAMPINGAN	kg	5,000.00	5,000.00	32,500,000.00	32,500,000.00	Fully Invoiced
SPB Makassar	2026-09-10 14:05:15	SO/202/09/2026/27306	13682 - RPK BERKAH ABADI	TOKO/AGEN	[C0250001A] BEKATUL	PRODUK SAMPINGAN	kg	6,127.00	6,127.00	22,057,200.00	19,871,351.35	Fully Invoiced
SPB Makassar	2026-09-10 14:05:15	SO/202/09/2026/27306	13682 - RPK BERKAH ABADI	TOKO/AGEN	[C0300001A] BUTIR RIJEK	PRODUK SAMPINGAN	kg	1,279.00	1,279.00	5,243,900.00	5,243,900.00	Fully Invoiced
SPB Makassar	2026-09-10 13:39:55	SO/201/09/2026/27306	13406 - Nasrullah, ST	PERORANGAN	[C0240001A] MENIR	PRODUK SAMPINGAN	kg	5,390.00	5,390.00	35,035,000.00	35,035,000.00	Fully Invoiced
SPP Karawang	2026-09-10 09:17:36	SO/235/09/2026/27112	8628 - 14385 - PT INDOMARCO PRISMATAMA	RITEL MODERN	[B0020185A] BERAS PREMIUM BEFOOD PUNOKAWAN 10 KG	BERAS JADI	Pcs	1,000.00	1,000.00	147,500,000.00	147,500,000.00	Fully Invoiced
SPP Karawang	2026-09-10 09:16:12	SO/234/09/2026/27112	8628 - 14385 - PT INDOMARCO PRISMATAMA	RITEL MODERN	[B0020185A] BERAS PREMIUM BEFOOD PUNOKAWAN 10 KG	BERAS JADI	Pcs	582.00	582.00	85,992,500.00	85,845,000.00	Fully Invoiced
SPP Karawang	2026-09-10 09:14:57	SO/233/09/2026/27112	8628 - 14385 - PT INDOMARCO PRISMATAMA	RITEL MODERN	[B0020185A] BERAS PREMIUM BEFOOD PUNOKAWAN 10 KG	BERAS JADI	Pcs	17.00	17.00	2,507,500.00	2,507,500.00	Fully Invoiced
SPP Karawang	2026-09-10 09:11:21	SO/232/09/2026/27112	8628 - 14385 - PT INDOMARCO PRISMATAMA	RITEL MODERN	[B0020185A] BERAS PREMIUM BEFOOD PUNOKAWAN 10 KG	BERAS JADI	Pcs	400.00	400.00	59,000,000.00	59,000,000.00	Fully Invoiced
SPP Karawang	2026-09-10 09:09:29	SO/230/09/2026/27112	8640 - 14381 - PT Harja Gunatama Lestari	RITEL MODERN	[B0020185A] BERAS PREMIUM BEFOOD PUNOKAWAN 10 KG	BERAS JADI	Pcs	398.00	398.00	59,000,000.00	58,707,000.00	Fully Invoiced
SPP Karawang	2026-09-10 09:08:21	SO/229/09/2026/27112	8640 - 14381 - PT Harja Gunatama Lestari	RITEL MODERN	[B0020185A] BERAS PREMIUM BEFOOD PUNOKAWAN 10 KG	BERAS JADI	Pcs	400.00	400.00	59,000,000.00	59,000,000.00	Fully Invoiced
SPP Karawang	2026-09-10 09:07:04	SO/228/09/2026/27112	8629 - 14387 - PT Inti Cakrawala Citra (Indogrosir Head Office) it	RITEL MODERN	[B0020185A] BERAS PREMIUM BEFOOD PUNOKAWAN 10 KG	BERAS JADI	Pcs	999.00	999.00	147,500,000.00	147,352,500.00	Fully Invoiced
SPP Karawang	2026-09-10 09:06:08	SO/227/09/2026/27112	8640 - 14381 - PT Harja Gunatama Lestari	RITEL MODERN	[B0020185A] BERAS PREMIUM BEFOOD PUNOKAWAN 10 KG	BERAS JADI	Pcs	400.00	400.00	59,000,000.00	59,000,000.00	Fully Invoiced
SPP Karawang	2026-09-10 09:00:26	SO/221/09/2026/27112	8640 - 14381 - PT Harja Gunatama Lestari	RITEL MODERN	[B0020185A] BERAS PREMIUM BEFOOD PUNOKAWAN 10 KG	BERAS JADI	Pcs	150.00	150.00	22,125,000.00	22,125,000.00	Fully Invoiced
SPP Karawang	2026-09-10 08:58:54	SO/219/09/2026/27112	8640 - 14381 - PT Harja Gunatama Lestari	RITEL MODERN	[B0020185A] BERAS PREMIUM BEFOOD PUNOKAWAN 10 KG	BERAS JADI	Pcs	375.00	375.00	55,312,500.00	55,312,500.00	Fully Invoiced
SPP Karawang	2026-09-10 08:57:50	SO/218/09/2026/27112	8640 - 14381 - PT Harja Gunatama Lestari	RITEL MODERN	[B0020185A] BERAS PREMIUM BEFOOD PUNOKAWAN 10 KG	BERAS JADI	Pcs	298.00	298.00	44,250,000.00	43,957,000.00	Fully Invoiced
SPP Karawang	2026-09-10 08:56:33	SO/217/09/2026/27112	8640 - 14381 - PT Harja Gunatama Lestari	RITEL MODERN	[B0020185A] BERAS PREMIUM BEFOOD PUNOKAWAN 10 KG	BERAS JADI	Pcs	296.00	296.00	44,250,000.00	43,664,000.00	Fully Invoiced
SPP Karawang	2026-09-10 08:54:48	SO/215/09/2026/27112	8640 - 14381 - PT Harja Gunatama Lestari	RITEL MODERN	[B0020185A] BERAS PREMIUM BEFOOD PUNOKAWAN 10 KG	BERAS JADI	Pcs	350.00	350.00	51,625,000.00	51,625,000.00	Fully Invoiced
SPP Karawang	2026-09-10 08:54:01	SO/214/09/2026/27112	8640 - 14381 - PT Harja Gunatama Lestari	RITEL MODERN	[B0020185A] BERAS PREMIUM BEFOOD PUNOKAWAN 10 KG	BERAS JADI	Pcs	247.00	247.00	36,875,000.00	36,435,500.00	Fully Invoiced
SPP Karawang	2026-09-10 08:48:13	SO/209/09/2026/27112	8640 - 14381 - PT Harja Gunatama Lestari	RITEL MODERN	[B0020185A] BERAS PREMIUM BEFOOD PUNOKAWAN 10 KG	BERAS JADI	Pcs	274.00	274.00	40,562,500.00	40,416,000.00	Fully Invoiced
SPP Karawang	2026-09-10 08:46:26	SO/207/09/2026/27112	8640 - 14381 - PT Harja Gunatama Lestari	RITEL MODERN	[B0020185A] BERAS PREMIUM BEFOOD PUNOKAWAN 10 KG	BERAS JADI	Pcs	350.00	350.00	51,625,000.00	51,625,000.00	Fully Invoiced
SPP Karawang	2026-09-10 08:45:41	SO/206/09/2026/27112	8640 - 14381 - PT Harja Gunatama Lestari	RITEL MODERN	[B0020185A] BERAS PREMIUM BEFOOD PUNOKAWAN 10 KG	BERAS JADI	Pcs	100.00	100.00	14,750,000.00	14,750,000.00	Fully Invoiced
SPP Karawang	2026-09-10 08:44:58	SO/205/09/2026/27112	8640 - 14381 - PT Harja Gunatama Lestari	RITEL MODERN	[B0020185A] BERAS PREMIUM BEFOOD PUNOKAWAN 10 KG	BERAS JADI	Pcs	300.00	300.00	44,250,000.00	44,250,000.00	Fully Invoiced
SPP Karawang	2026-09-10 08:43:21	SO/203/09/2026/27112	8640 - 14381 - PT Harja Gunatama Lestari	RITEL MODERN	[B0020185A] BERAS PREMIUM BEFOOD PUNOKAWAN 10 KG	BERAS JADI	Pcs	350.00	350.00	51,625,000.00	51,625,000.00	Fully Invoiced
SPP Karawang	2026-09-10 08:42:35	SO/202/09/2026/27112	8640 - 14381 - PT Harja Gunatama Lestari	RITEL MODERN	[B0020185A] BERAS PREMIUM BEFOOD PUNOKAWAN 10 KG	BERAS JADI	Pcs	247.00	247.00	36,875,000.00	36,435,500.00	Fully Invoiced
SPP Karawang	2026-09-10 08:41:43	SO/201/09/2026/27112	8640 - 14381 - PT Harja Gunatama Lestari	RITEL MODERN	[B0020185A] BERAS PREMIUM BEFOOD PUNOKAWAN 10 KG	BERAS JADI	Pcs	250.00	250.00	36,875,000.00	36,875,000.00	Fully Invoiced
SPP Lampung	2026-09-10 08:39:44	SO/041/09/2026/27113	8620 - Perum BULOG	KANCAB/KANWIL	[B0020185A] BERAS PREMIUM BEFOOD PUNOKAWAN 10 KG	BERAS JADI	Pcs	200.00	200.00	29,170,000.00	29,170,000.00	Fully Invoiced
SPP Karawang	2026-09-10 08:39:44	SO/199/09/2026/27112	8640 - 14381 - PT Harja Gunatama Lestari	RITEL MODERN	[B0020185A] BERAS PREMIUM BEFOOD PUNOKAWAN 10 KG	BERAS JADI	Pcs	248.00	248.00	36,875,000.00	36,580,000.00	Fully Invoiced
SPP Karawang	2026-09-10 08:38:59	SO/198/09/2026/27112	8640 - 14381 - PT Harja Gunatama Lestari	RITEL MODERN	[B0020185A] BERAS PREMIUM BEFOOD PUNOKAWAN 10 KG	BERAS JADI	Pcs	300.00	300.00	44,250,000.00	44,250,000.00	Fully Invoiced
SPP Karawang	2026-09-10 08:38:05	SO/197/09/2026/27112	8640 - 14381 - PT Harja Gunatama Lestari	RITEL MODERN	[B0020185A] BERAS PREMIUM BEFOOD PUNOKAWAN 10 KG	BERAS JADI	Pcs	299.00	299.00	44,250,000.00	44,103,500.00	Fully Invoiced
SPP Karawang	2026-09-10 08:36:13	SO/195/09/2026/27112	8640 - 14381 - PT Harja Gunatama Lestari	RITEL MODERN	[B0020185A] BERAS PREMIUM BEFOOD PUNOKAWAN 10 KG	BERAS JADI	Pcs	400.00	400.00	59,000,000.00	59,000,000.00	Fully Invoiced
SPP Karawang	2026-09-10 08:35:05	SO/194/09/2026/27112	8640 - 14381 - PT Harja Gunatama Lestari	RITEL MODERN	[B0020185A] BERAS PREMIUM BEFOOD PUNOKAWAN 10 KG	BERAS JADI	Pcs	300.00	300.00	44,250,000.00	44,250,000.00	Fully Invoiced
SPP Karawang	2026-09-10 08:33:58	SO/193/09/2026/27112	8640 - 14381 - PT Harja Gunatama Lestari	RITEL MODERN	[B0020185A] BERAS PREMIUM BEFOOD PUNOKAWAN 10 KG	BERAS JADI	Pcs	296.00	296.00	44,250,000.00	43,664,000.00	Fully Invoiced
SPP Karawang	2026-09-10 08:20:57	SO/192/09/2026/27112	8640 - 14381 - PT Harja Gunatama Lestari	RITEL MODERN	[B0020185A] BERAS PREMIUM BEFOOD PUNOKAWAN 10 KG	BERAS JADI	Pcs	499.00	499.00	73,750,000.00	73,602,500.00	Fully Invoiced
SPP Lampung	2026-09-10 08:16:03	SO/037/08/2026/27113	8620 - Perum BULOG	KANCAB/KANWIL	[B0020040A] BERAS PREMIUM PUNOKAWAN 5 KG	BERAS JADI	Pcs	90.00	90.00	6,637,050.00	6,637,050.00	Fully Invoiced
SPB Sidoarjo	2026-09-09 11:29:57	SO/062/09/2026/27219	8620 - Perum BULOG	KANCAB/KANWIL	[B0020186A] BERAS PREMIUM BEFOOD PUNOKAWAN 20 KG	BERAS JADI	Pcs	350.00	350.00	101,080,000.00	101,080,000.00	Fully Invoiced
SPB Sidoarjo	2026-09-09 11:29:52	SO/061/09/2026/27219	8620 - Perum BULOG	KANCAB/KANWIL	[B0020040A] BERAS PREMIUM PUNOKAWAN 5 KG	BERAS JADI	Pcs	2,800.00	2,800.00	206,486,000.00	206,486,000.00	Fully Invoiced
SPB Sidoarjo	2026-09-09 11:29:47	SO/060/09/2026/27219	8620 - Perum BULOG	KANCAB/KANWIL	[B0020049A] BERAS PREMIUM BEFOOD SETRA RAMOS 5 KG	BERAS JADI	Pcs	600.00	600.00	44,295,000.00	44,295,000.00	Fully Invoiced
SPB Sidoarjo	2026-09-09 11:28:33	SO/059/09/2026/27219	8620 - Perum BULOG	KANCAB/KANWIL	[B0020186A] BERAS PREMIUM BEFOOD PUNOKAWAN 20 KG	BERAS JADI	Pcs	300.00	300.00	86,640,000.00	86,640,000.00	Fully Invoiced
SPB Sidoarjo	2026-09-09 11:26:15	SO/058/09/2026/27219	8620 - Perum BULOG	KANCAB/KANWIL	[B0020040A] BERAS PREMIUM PUNOKAWAN 5 KG	BERAS JADI	Pcs	3,000.00	3,000.00	221,235,000.00	221,235,000.00	Fully Invoiced
SPP Kendal	2026-09-09 11:12:16	SO/075/09/2026/27221	8697 - 14395 - PT. INDOMARCO PRISMATAMA (DC Semarang)	RITEL MODERN	[B0020185A] BERAS PREMIUM BEFOOD PUNOKAWAN 10 KG	BERAS JADI	Pcs	473.00	473.00	69,767,500.00	69,767,500.00	Fully Invoiced
SPP Kendal	2026-09-09 11:11:59	SO/074/09/2026/27221	8697 - 14395 - PT. INDOMARCO PRISMATAMA (DC Semarang)	RITEL MODERN	[B0020049A] BERAS PREMIUM BEFOOD SETRA RAMOS 5 KG	BERAS JADI	Pcs	4,972.00	4,972.00	367,928,000.00	367,928,000.00	Fully Invoiced
SPB Sukoharjo	2026-09-09 10:55:04	SO/052/09/2026/27218	8975 - Mohammad Ipung Zuana	PERORANGAN	[C0240001A] MENIR	PRODUK SAMPINGAN	kg	14,200.00	14,200.00	144,840,000.00	144,840,000.00	Fully Invoiced
SPP Magetan	2026-09-09 10:28:00	SO/044/09/2026/27226	8620 - Perum BULOG	KANCAB/KANWIL	[MKLN001] Jasa Maklon	SERVICES	kg	0.00	1,467,020.00	220,053,000.00	220,053,000.00	Fully Invoiced
SPP Magetan	2026-09-09 10:26:26	SO/043/09/2026/27226	8620 - Perum BULOG	KANCAB/KANWIL	[MKLN001] Jasa Maklon	SERVICES	kg	0.00	885,000.00	289,395,000.00	289,395,000.00	Fully Invoiced
SPP Jember	2026-09-09 09:04:50	SO/055/09/2026/27224	13535 - PT. MIDI UTAMA INDONESIA,TBK (Alfamidi)	RITEL MODERN	[B0020040A] BERAS PREMIUM PUNOKAWAN 5 KG	BERAS JADI	Pcs	1,970.00	1,970.00	145,415,550.00	145,415,550.00	Fully Invoiced
SPP Jember	2026-09-09 09:04:35	SO/044/08/2026/27224	13832 - IDM_PT INDOMARCO PRISMATAMA DC JEMBER	RITEL MODERN	[B0020049A] BERAS PREMIUM BEFOOD SETRA RAMOS 5 KG	BERAS JADI	Pcs	1,370.00	1,370.00	101,380,000.00	101,380,000.00	Fully Invoiced
SPB Sukoharjo	2026-09-08 20:08:42	SO/021/08/2026/27218	8723 - 14484 - PT ADAPERKASA SAHITAGUNA	RITEL MODERN	[B0020049A] BERAS PREMIUM BEFOOD SETRA RAMOS 5 KG	BERAS JADI	Pcs	900.00	900.00	66,600,000.00	66,600,000.00	Fully Invoiced
SPB Sukoharjo	2026-09-08 20:08:42	SO/021/08/2026/27218	8723 - 14484 - PT ADAPERKASA SAHITAGUNA	RITEL MODERN	[B0020185A] BERAS PREMIUM BEFOOD PUNOKAWAN 10 KG	BERAS JADI	Pcs	99.00	99.00	14,553,000.00	14,553,000.00	Fully Invoiced
SPB Sukoharjo	2026-09-08 20:08:42	SO/021/08/2026/27218	8723 - 14484 - PT ADAPERKASA SAHITAGUNA	RITEL MODERN	[B0020040A] BERAS PREMIUM PUNOKAWAN 5 KG	BERAS JADI	Pcs	900.00	900.00	66,600,000.00	66,600,000.00	Fully Invoiced
SPB Sukoharjo	2026-09-08 18:09:47	SO/051/09/2026/27218	14359 - Suparti	PERORANGAN	[C0230001A] BROKEN	PRODUK SAMPINGAN	kg	26,100.00	26,100.00	307,980,000.00	307,980,000.00	Fully Invoiced
SPP Jember	2026-09-08 15:52:05	SO/056/09/2026/27224	13832 - IDM_PT INDOMARCO PRISMATAMA DC JEMBER	RITEL MODERN	[B0020049A] BERAS PREMIUM BEFOOD SETRA RAMOS 5 KG	BERAS JADI	Pcs	2,000.00	2,000.00	148,000,000.00	148,000,000.00	Fully Invoiced
SPP Subang	2026-09-08 15:48:04	SO/111/09/2026/27111	14600 - CV URWAH	PT/CV/SWASTA	[C0250001A] BEKATUL	PRODUK SAMPINGAN	kg	10,080.00	10,080.00	46,116,000.00	41,545,945.95	Fully Invoiced
SPP Subang	2026-09-08 15:48:04	SO/111/09/2026/27111	14600 - CV URWAH	PT/CV/SWASTA	[C0240001A] MENIR	PRODUK SAMPINGAN	kg	2,750.00	2,750.00	22,000,000.00	22,000,000.00	Fully Invoiced
SPP Subang	2026-09-08 15:28:13	SO/110/09/2026/27111	14600 - CV URWAH	PT/CV/SWASTA	[C0240001A] MENIR	PRODUK SAMPINGAN	kg	3,850.00	3,850.00	30,800,000.00	30,800,000.00	Fully Invoiced
SPP Subang	2026-09-08 15:28:13	SO/110/09/2026/27111	14600 - CV URWAH	PT/CV/SWASTA	[C0250001A] BEKATUL	PRODUK SAMPINGAN	kg	30,760.00	30,760.00	140,727,000.00	126,781,081.08	Fully Invoiced
SPB Makassar	2026-09-08 15:23:29	SO/199/09/2026/27306	13427 - PT. MISI PASARAYA INDONESIA	RITEL MODERN	[B0020040A] BERAS PREMIUM PUNOKAWAN 5 KG	BERAS JADI	Pcs	50.00	50.00	3,675,000.00	3,675,000.00	Fully Invoiced
SPB Makassar	2026-09-08 15:23:29	SO/199/09/2026/27306	13427 - PT. MISI PASARAYA INDONESIA	RITEL MODERN	[B0020167A] BERAS PREMIUM MALLOPI 10 KG	BERAS JADI	Pcs	50.00	50.00	7,350,000.00	7,350,000.00	Fully Invoiced
SPB Makassar	2026-09-08 15:23:29	SO/199/09/2026/27306	13427 - PT. MISI PASARAYA INDONESIA	RITEL MODERN	[B0020190A] BERAS PREMIUM BEFOOD MALLOPI 5 KG	BERAS JADI	Pcs	100.00	100.00	7,350,000.00	7,350,000.00	Fully Invoiced
SPB Makassar	2026-09-08 15:23:29	SO/199/09/2026/27306	13427 - PT. MISI PASARAYA INDONESIA	RITEL MODERN	[B0020168A] BERAS PREMIUM MALLOPI 25 KG	BERAS JADI	Pcs	5.00	5.00	1,837,500.00	1,837,500.00	Fully Invoiced
SPB Makassar	2026-09-08 15:22:52	SO/198/09/2026/27306	13427 - PT. MISI PASARAYA INDONESIA	RITEL MODERN	[B0020168A] BERAS PREMIUM MALLOPI 25 KG	BERAS JADI	Pcs	5.00	5.00	1,837,500.00	1,837,500.00	Fully Invoiced
SPB Makassar	2026-09-08 15:22:52	SO/198/09/2026/27306	13427 - PT. MISI PASARAYA INDONESIA	RITEL MODERN	[B0020190A] BERAS PREMIUM BEFOOD MALLOPI 5 KG	BERAS JADI	Pcs	150.00	150.00	11,025,000.00	11,025,000.00	Fully Invoiced
SPB Makassar	2026-09-08 15:22:52	SO/198/09/2026/27306	13427 - PT. MISI PASARAYA INDONESIA	RITEL MODERN	[B0020167A] BERAS PREMIUM MALLOPI 10 KG	BERAS JADI	Pcs	10.00	10.00	1,470,000.00	1,470,000.00	Fully Invoiced
SPP Jember	2026-09-08 15:08:07	SO/054/09/2026/27224	8620 - Perum BULOG	KANCAB/KANWIL	[B0020185A] BERAS PREMIUM BEFOOD PUNOKAWAN 10 KG	BERAS JADI	Pcs	500.00	500.00	73,425,000.00	73,425,000.00	Fully Invoiced
SPP Jember	2026-09-08 15:01:39	SO/053/09/2026/27224	8620 - Perum BULOG	KANCAB/KANWIL	[B0020186A] BERAS PREMIUM BEFOOD PUNOKAWAN 20 KG	BERAS JADI	Pcs	250.00	250.00	72,700,000.00	72,700,000.00	Fully Invoiced
SPP Jember	2026-09-08 14:43:58	SO/052/09/2026/27224	8620 - Perum BULOG	KANCAB/KANWIL	[B0020185A] BERAS PREMIUM BEFOOD PUNOKAWAN 10 KG	BERAS JADI	Pcs	1.00	1.00	146,850.00	146,850.00	Fully Invoiced
SPP Jember	2026-09-08 14:37:02	SO/051/09/2026/27224	8620 - Perum BULOG	KANCAB/KANWIL	[B0020185A] BERAS PREMIUM BEFOOD PUNOKAWAN 10 KG	BERAS JADI	Pcs	1,500.00	1,500.00	218,775,000.00	218,775,000.00	Fully Invoiced
SPP Jember	2026-09-08 14:30:28	SO/050/09/2026/27224	8620 - Perum BULOG	KANCAB/KANWIL	[B0020169A] BERAS PREMIUM CANDI MULYO 25 KG	BERAS JADI	Pcs	200.00	200.00	72,000,000.00	72,000,000.00	Fully Invoiced
SPP Jember	2026-09-08 14:11:12	SO/049/09/2026/27224	8620 - Perum BULOG	KANCAB/KANWIL	[B0020169A] BERAS PREMIUM CANDI MULYO 25 KG	BERAS JADI	Pcs	400.00	400.00	142,000,000.00	142,000,000.00	Fully Invoiced
SPP Jember	2026-09-08 14:11:12	SO/049/09/2026/27224	8620 - Perum BULOG	KANCAB/KANWIL	[B0020040A] BERAS PREMIUM PUNOKAWAN 5 KG	BERAS JADI	Pcs	1,100.00	1,100.00	81,119,500.00	81,119,500.00	Fully Invoiced
SPB Makassar	2026-09-08 13:56:21	SO/196/09/2026/27306	13786 - CV SALAM SUKSES MANDIRI	RITEL MODERN	[B0020168A] BERAS PREMIUM MALLOPI 25 KG	BERAS JADI	Pcs	5.00	5.00	1,837,500.00	1,837,500.00	Fully Invoiced
SPB Makassar	2026-09-08 13:56:21	SO/196/09/2026/27306	13786 - CV SALAM SUKSES MANDIRI	RITEL MODERN	[B0020167A] BERAS PREMIUM MALLOPI 10 KG	BERAS JADI	Pcs	5.00	5.00	735,000.00	735,000.00	Fully Invoiced
SPB Makassar	2026-09-08 13:56:21	SO/196/09/2026/27306	13786 - CV SALAM SUKSES MANDIRI	RITEL MODERN	[B0020190A] BERAS PREMIUM BEFOOD MALLOPI 5 KG	BERAS JADI	Pcs	20.00	20.00	1,470,000.00	1,470,000.00	Fully Invoiced
SPB Makassar	2026-09-08 13:21:31	SO/193/09/2026/27306	13786 - CV SALAM SUKSES MANDIRI	RITEL MODERN	[B0020167A] BERAS PREMIUM MALLOPI 10 KG	BERAS JADI	Pcs	20.00	20.00	2,940,000.00	2,940,000.00	Fully Invoiced
SPB Makassar	2026-09-08 13:21:31	SO/193/09/2026/27306	13786 - CV SALAM SUKSES MANDIRI	RITEL MODERN	[B0020168A] BERAS PREMIUM MALLOPI 25 KG	BERAS JADI	Pcs	25.00	25.00	9,187,500.00	9,187,500.00	Fully Invoiced
SPB Makassar	2026-09-08 13:21:31	SO/193/09/2026/27306	13786 - CV SALAM SUKSES MANDIRI	RITEL MODERN	[B0020190A] BERAS PREMIUM BEFOOD MALLOPI 5 KG	BERAS JADI	Pcs	25.00	25.00	1,837,500.00	1,837,500.00	Fully Invoiced
SPP Jember	2026-09-08 13:14:30	SO/047/09/2026/27224	8620 - Perum BULOG	KANCAB/KANWIL	[B0020049A] BERAS PREMIUM BEFOOD SETRA RAMOS 5 KG	BERAS JADI	Pcs	800.00	800.00	59,060,000.00	59,060,000.00	Fully Invoiced
SPP Jember	2026-09-08 13:14:30	SO/047/09/2026/27224	8620 - Perum BULOG	KANCAB/KANWIL	[B0020040A] BERAS PREMIUM PUNOKAWAN 5 KG	BERAS JADI	Pcs	700.00	700.00	51,621,500.00	51,621,500.00	Fully Invoiced
SPB Sidrap	2026-09-08 12:38:58	SO/043/09/2026/27307	8797 - PB. SYUKUR 27307	PT/CV/SWASTA	[C0240001A] MENIR	PRODUK SAMPINGAN	kg	9,120.00	9,120.00	59,280,000.00	59,280,000.00	Fully Invoiced
SPB Sidrap	2026-09-08 12:38:58	SO/043/09/2026/27307	8797 - PB. SYUKUR 27307	PT/CV/SWASTA	[C0230001A] BROKEN	PRODUK SAMPINGAN	kg	14,211.00	14,211.00	156,321,000.00	156,321,000.00	Fully Invoiced
SPB Sidrap	2026-09-08 12:38:58	SO/043/09/2026/27307	8797 - PB. SYUKUR 27307	PT/CV/SWASTA	[B0020187A] BERAS PREMIUM BEFOOD PUNOKAWAN 25 KG	BERAS JADI	Pcs	16.00	16.00	5,921,200.00	5,921,200.00	Fully Invoiced
SPB Sidrap	2026-09-08 12:38:58	SO/043/09/2026/27307	8797 - PB. SYUKUR 27307	PT/CV/SWASTA	[C0250001A] BEKATUL	PRODUK SAMPINGAN	kg	8,209.00	8,209.00	28,731,500.00	25,884,234.23	Fully Invoiced
SPB Sidrap	2026-09-08 12:38:58	SO/043/09/2026/27307	8797 - PB. SYUKUR 27307	PT/CV/SWASTA	[B0020185A] BERAS PREMIUM BEFOOD PUNOKAWAN 10 KG	BERAS JADI	Pcs	40.00	40.00	5,954,800.00	5,954,800.00	Fully Invoiced
SPB Sidrap	2026-09-08 12:38:58	SO/043/09/2026/27307	8797 - PB. SYUKUR 27307	PT/CV/SWASTA	[C0300001A] BUTIR RIJEK	PRODUK SAMPINGAN	kg	4,266.00	4,266.00	19,197,000.00	19,197,000.00	Fully Invoiced
SPB Sidrap	2026-09-08 12:38:58	SO/043/09/2026/27307	8797 - PB. SYUKUR 27307	PT/CV/SWASTA	[B0020040A] BERAS PREMIUM PUNOKAWAN 5 KG	BERAS JADI	Pcs	10.00	10.00	745,000.00	745,000.00	Fully Invoiced
SPB Makassar	2026-09-08 12:21:07	SO/181/09/2026/27306	8628 - 14385 - PT INDOMARCO PRISMATAMA	RITEL MODERN	[B0020049A] BERAS PREMIUM BEFOOD SETRA RAMOS 5 KG	BERAS JADI	Pcs	2,000.00	2,000.00	148,000,000.00	148,000,000.00	Fully Invoiced
SPB Makassar	2026-09-08 12:12:21	SO/180/09/2026/27306	8628 - 14385 - PT INDOMARCO PRISMATAMA	RITEL MODERN	[B0020049A] BERAS PREMIUM BEFOOD SETRA RAMOS 5 KG	BERAS JADI	Pcs	2,000.00	2,000.00	148,000,000.00	148,000,000.00	Fully Invoiced
UP Lancirang	2026-09-08 11:55:20	SO/001/09/2026/27302	3391 - CV MITRA BIRING SEJAHTERA	PT/CV/SWASTA	[C0250001A] BEKATUL	PRODUK SAMPINGAN	kg	10,997.00	10,997.00	43,988,000.00	39,628,828.83	Fully Invoiced
SPP Kendal	2026-09-08 11:06:28	SO/073/09/2026/27221	8742 - 14404 - PT. INTI CAKRAWALA CITRA (DC Semarang)	RITEL MODERN	[B0020049A] BERAS PREMIUM BEFOOD SETRA RAMOS 5 KG	BERAS JADI	Pcs	2,000.00	2,000.00	148,000,000.00	148,000,000.00	Fully Invoiced
SPP Kendal	2026-09-08 11:06:28	SO/073/09/2026/27221	8742 - 14404 - PT. INTI CAKRAWALA CITRA (DC Semarang)	RITEL MODERN	[B0020040A] BERAS PREMIUM PUNOKAWAN 5 KG	BERAS JADI	Pcs	2,000.00	2,000.00	148,000,000.00	148,000,000.00	Fully Invoiced
SPP Kendal	2026-09-08 11:06:24	SO/072/09/2026/27221	8742 - 14404 - PT. INTI CAKRAWALA CITRA (DC Semarang)	RITEL MODERN	[B0020049A] BERAS PREMIUM BEFOOD SETRA RAMOS 5 KG	BERAS JADI	Pcs	2,000.00	2,000.00	148,000,000.00	148,000,000.00	Fully Invoiced
SPP Kendal	2026-09-08 11:06:24	SO/072/09/2026/27221	8742 - 14404 - PT. INTI CAKRAWALA CITRA (DC Semarang)	RITEL MODERN	[B0020040A] BERAS PREMIUM PUNOKAWAN 5 KG	BERAS JADI	Pcs	2,000.00	2,000.00	148,000,000.00	148,000,000.00	Fully Invoiced
SPP Kendal	2026-09-08 11:06:21	SO/071/09/2026/27221	14538 - SAT_PT SUMBER ALFARIA TRIJAYA	RITEL MODERN	[B0020040A] BERAS PREMIUM PUNOKAWAN 5 KG	BERAS JADI	Pcs	2,000.00	2,000.00	148,000,000.00	148,000,000.00	Fully Invoiced
SPP Kendal	2026-09-08 11:06:18	SO/070/09/2026/27221	14538 - SAT_PT SUMBER ALFARIA TRIJAYA	RITEL MODERN	[B0020040A] BERAS PREMIUM PUNOKAWAN 5 KG	BERAS JADI	Pcs	2,000.00	2,000.00	148,000,000.00	148,000,000.00	Fully Invoiced
SPP Kendal	2026-09-08 11:06:14	SO/069/09/2026/27221	8697 - 14395 - PT. INDOMARCO PRISMATAMA (DC Semarang)	RITEL MODERN	[B0020040A] BERAS PREMIUM PUNOKAWAN 5 KG	BERAS JADI	Pcs	1,995.00	1,995.00	147,630,000.00	147,630,000.00	Fully Invoiced
SPP Kendal	2026-09-08 11:06:09	SO/067/09/2026/27221	8896 - 14396 - PT LION SUPER INDO DC CIKARANG	RITEL MODERN	[B0020185A] BERAS PREMIUM BEFOOD PUNOKAWAN 10 KG	BERAS JADI	Pcs	1,000.00	1,000.00	147,630,000.00	147,630,000.00	Fully Invoiced
SPB Sidoarjo	2026-09-08 10:38:41	SO/057/09/2026/27219	8652 - MUJIADI	PERORANGAN	[C0300001A] BUTIR RIJEK	PRODUK SAMPINGAN	kg	1,650.00	1,650.00	12,375,000.00	12,375,000.00	Fully Invoiced
SPB Sidoarjo	2026-09-08 10:38:41	SO/057/09/2026/27219	8652 - MUJIADI	PERORANGAN	[C0230001A] BROKEN	PRODUK SAMPINGAN	kg	700.00	700.00	8,540,000.00	8,540,000.00	Fully Invoiced
SPB Sidoarjo	2026-09-08 10:38:41	SO/057/09/2026/27219	8652 - MUJIADI	PERORANGAN	[C0250001A] BEKATUL	PRODUK SAMPINGAN	kg	570.00	570.00	2,964,000.00	2,670,270.27	Fully Invoiced
SPP Kendal	2026-09-08 09:40:58	SO/068/09/2026/27221	14362 - TOP_PT TIP TOP PONDOK BAMBU	RITEL MODERN	[B0020185A] BERAS PREMIUM BEFOOD PUNOKAWAN 10 KG	BERAS JADI	Pcs	3,000.00	3,000.00	444,000,000.00	444,000,000.00	Fully Invoiced
SPP Bojonegoro	2026-09-07 19:51:19	SO/044/09/2026/27223	8620 - Perum BULOG	KANCAB/KANWIL	[B0020049A] BERAS PREMIUM BEFOOD SETRA RAMOS 5 KG	BERAS JADI	Pcs	276.00	276.00	20,375,700.00	20,375,700.00	Fully Invoiced
SPB Sukoharjo	2026-09-07 19:31:07	SO/049/08/2026/27218	8688 - 14502 - CV. LARIS ADINATA SEJATI (LARIS KLATEN)	RITEL MODERN	[B0020040A] BERAS PREMIUM PUNOKAWAN 5 KG	BERAS JADI	Pcs	90.00	90.00	6,615,000.00	6,615,000.00	Fully Invoiced
SPB Sukoharjo	2026-09-07 19:31:07	SO/049/08/2026/27218	8688 - 14502 - CV. LARIS ADINATA SEJATI (LARIS KLATEN)	RITEL MODERN	[B0020049A] BERAS PREMIUM BEFOOD SETRA RAMOS 5 KG	BERAS JADI	Pcs	90.00	90.00	6,615,000.00	6,615,000.00	Fully Invoiced
SPB Sukoharjo	2026-09-07 19:28:44	SO/048/08/2026/27218	8731 - 14447 - CV. LARIS ADI SEJATI (LARIS SUKOHARJO DAN KARTASURA)	RITEL MODERN	[B0020040A] BERAS PREMIUM PUNOKAWAN 5 KG	BERAS JADI	Pcs	500.00	500.00	36,750,000.00	36,750,000.00	Fully Invoiced
SPB Sukoharjo	2026-09-07 19:23:31	SO/047/08/2026/27218	8740 - 14449 - CV. Banyak Berkat (Goori Karangjati)	RITEL MODERN	[B0020049A] BERAS PREMIUM BEFOOD SETRA RAMOS 5 KG	BERAS JADI	Pcs	200.00	200.00	14,800,000.00	14,800,000.00	Fully Invoiced
SPB Sukoharjo	2026-09-07 19:23:31	SO/047/08/2026/27218	8740 - 14449 - CV. Banyak Berkat (Goori Karangjati)	RITEL MODERN	[B0020040A] BERAS PREMIUM PUNOKAWAN 5 KG	BERAS JADI	Pcs	200.00	200.00	14,800,000.00	14,800,000.00	Fully Invoiced
SPB Sukoharjo	2026-09-07 19:21:29	SO/045/08/2026/27218	8732 - 14451 - CV. Tekun Jaya (Goori Ngaliyan & Gunungpati)	RITEL MODERN	[B0020040A] BERAS PREMIUM PUNOKAWAN 5 KG	BERAS JADI	Pcs	800.00	800.00	59,200,000.00	59,200,000.00	Fully Invoiced
SPB Sukoharjo	2026-09-07 19:21:29	SO/045/08/2026/27218	8732 - 14451 - CV. Tekun Jaya (Goori Ngaliyan & Gunungpati)	RITEL MODERN	[B0020049A] BERAS PREMIUM BEFOOD SETRA RAMOS 5 KG	BERAS JADI	Pcs	800.00	800.00	59,200,000.00	59,200,000.00	Fully Invoiced
SPB Sukoharjo	2026-09-07 19:19:03	SO/044/08/2026/27218	8691 - 14482 - CV. Maha Dirga Raharja (Gaya Semarang)	RITEL MODERN	[B0020040A] BERAS PREMIUM PUNOKAWAN 5 KG	BERAS JADI	Pcs	300.00	300.00	22,050,000.00	22,050,000.00	Fully Invoiced
SPB Sukoharjo	2026-09-07 19:19:03	SO/044/08/2026/27218	8691 - 14482 - CV. Maha Dirga Raharja (Gaya Semarang)	RITEL MODERN	[B0020049A] BERAS PREMIUM BEFOOD SETRA RAMOS 5 KG	BERAS JADI	Pcs	200.00	200.00	14,700,000.00	14,700,000.00	Fully Invoiced
SPB Sukoharjo	2026-09-07 19:17:32	SO/043/08/2026/27218	8731 - 14447 - CV. LARIS ADI SEJATI (LARIS SUKOHARJO DAN KARTASURA)	RITEL MODERN	[B0020040A] BERAS PREMIUM PUNOKAWAN 5 KG	BERAS JADI	Pcs	200.00	200.00	14,700,000.00	14,700,000.00	Fully Invoiced
SPB Sukoharjo	2026-09-07 19:17:32	SO/043/08/2026/27218	8731 - 14447 - CV. LARIS ADI SEJATI (LARIS SUKOHARJO DAN KARTASURA)	RITEL MODERN	[B0020185A] BERAS PREMIUM BEFOOD PUNOKAWAN 10 KG	BERAS JADI	Pcs	10.00	10.00	1,475,000.00	1,475,000.00	Fully Invoiced
SPB Sukoharjo	2026-09-07 19:17:32	SO/043/08/2026/27218	8731 - 14447 - CV. LARIS ADI SEJATI (LARIS SUKOHARJO DAN KARTASURA)	RITEL MODERN	[B0020049A] BERAS PREMIUM BEFOOD SETRA RAMOS 5 KG	BERAS JADI	Pcs	200.00	200.00	14,700,000.00	14,700,000.00	Fully Invoiced
SPB Sukoharjo	2026-09-07 19:16:11	SO/042/08/2026/27218	8628 - 14385 - PT INDOMARCO PRISMATAMA	RITEL MODERN	[B0020049A] BERAS PREMIUM BEFOOD SETRA RAMOS 5 KG	BERAS JADI	Pcs	5,000.00	5,000.00	370,000,000.00	370,000,000.00	Fully Invoiced
SPB Sukoharjo	2026-09-07 19:14:45	SO/041/08/2026/27218	8730 - 14448 - MTI_CV. PLATINUM ABADI (LUWES PONOROGO)	RITEL MODERN	[B0020049A] BERAS PREMIUM BEFOOD SETRA RAMOS 5 KG	BERAS JADI	Pcs	100.00	100.00	7,350,000.00	7,350,000.00	Fully Invoiced
SPB Sukoharjo	2026-09-07 19:14:45	SO/041/08/2026/27218	8730 - 14448 - MTI_CV. PLATINUM ABADI (LUWES PONOROGO)	RITEL MODERN	[B0020040A] BERAS PREMIUM PUNOKAWAN 5 KG	BERAS JADI	Pcs	100.00	100.00	7,350,000.00	7,350,000.00	Fully Invoiced
SPB Sukoharjo	2026-09-07 18:57:37	SO/040/08/2026/27218	13925 - MTI_CV ANEKA JAYA MRANGGEN	RITEL MODERN	[B0020040A] BERAS PREMIUM PUNOKAWAN 5 KG	BERAS JADI	Pcs	300.00	300.00	22,050,000.00	22,050,000.00	Fully Invoiced
SPB Sukoharjo	2026-09-07 18:56:22	SO/039/08/2026/27218	8748 - 14478 - SWALAYAN ANEKA JAYA BOJA	RITEL MODERN	[B0020040A] BERAS PREMIUM PUNOKAWAN 5 KG	BERAS JADI	Pcs	300.00	300.00	22,050,000.00	22,050,000.00	Fully Invoiced
SPB Sukoharjo	2026-09-07 18:54:29	SO/038/08/2026/27218	8749 - 14479 - SWALAYAN ANEKA JAYA SAMBIROTO	RITEL MODERN	[B0020049A] BERAS PREMIUM BEFOOD SETRA RAMOS 5 KG	BERAS JADI	Pcs	300.00	300.00	22,050,000.00	22,050,000.00	Fully Invoiced
SPB Sukoharjo	2026-09-07 18:54:29	SO/038/08/2026/27218	8749 - 14479 - SWALAYAN ANEKA JAYA SAMBIROTO	RITEL MODERN	[B0020040A] BERAS PREMIUM PUNOKAWAN 5 KG	BERAS JADI	Pcs	1,100.00	1,100.00	80,850,000.00	80,850,000.00	Fully Invoiced
SPB Sukoharjo	2026-09-07 18:54:29	SO/038/08/2026/27218	8749 - 14479 - SWALAYAN ANEKA JAYA SAMBIROTO	RITEL MODERN	[B0020185A] BERAS PREMIUM BEFOOD PUNOKAWAN 10 KG	BERAS JADI	Pcs	19.00	19.00	2,793,000.00	2,793,000.00	Fully Invoiced
SPB Sukoharjo	2026-09-07 18:49:49	SO/037/08/2026/27218	13725 - PT. LOTTE SHOPPING INDONESIA YK	RITEL MODERN	[B0020040A] BERAS PREMIUM PUNOKAWAN 5 KG	BERAS JADI	Pcs	460.00	460.00	34,040,000.00	34,040,000.00	Fully Invoiced
SPB Sukoharjo	2026-09-07 18:49:49	SO/037/08/2026/27218	13725 - PT. LOTTE SHOPPING INDONESIA YK	RITEL MODERN	[B0020049A] BERAS PREMIUM BEFOOD SETRA RAMOS 5 KG	BERAS JADI	Pcs	500.00	500.00	37,000,000.00	37,000,000.00	Fully Invoiced
SPB Sukoharjo	2026-09-07 18:49:49	SO/037/08/2026/27218	13725 - PT. LOTTE SHOPPING INDONESIA YK	RITEL MODERN	[B0020185A] BERAS PREMIUM BEFOOD PUNOKAWAN 10 KG	BERAS JADI	Pcs	20.00	20.00	2,950,000.00	2,950,000.00	Fully Invoiced
SPB Sukoharjo	2026-09-07 18:48:41	SO/036/08/2026/27218	8687 - 14446 - CV BENGAWAN MULTI TRADING	RITEL MODERN	[B0020040A] BERAS PREMIUM PUNOKAWAN 5 KG	BERAS JADI	Pcs	400.00	400.00	29,400,000.00	29,400,000.00	Fully Invoiced
SPB Sukoharjo	2026-09-07 18:32:07	SO/035/08/2026/27218	8695 - 14445 - PT BENGAWAN RETAIL MANDIRI	RITEL MODERN	[B0020040A] BERAS PREMIUM PUNOKAWAN 5 KG	BERAS JADI	Pcs	500.00	500.00	36,750,000.00	36,750,000.00	Fully Invoiced
SPB Sukoharjo	2026-09-07 18:29:41	SO/034/08/2026/27218	8695 - 14445 - PT BENGAWAN RETAIL MANDIRI	RITEL MODERN	[B0020040A] BERAS PREMIUM PUNOKAWAN 5 KG	BERAS JADI	Pcs	500.00	500.00	36,750,000.00	36,750,000.00	Fully Invoiced
SPB Sukoharjo	2026-09-07 18:22:58	SO/033/08/2026/27218	8687 - 14446 - CV BENGAWAN MULTI TRADING	RITEL MODERN	[B0020040A] BERAS PREMIUM PUNOKAWAN 5 KG	BERAS JADI	Pcs	200.00	200.00	14,700,000.00	14,700,000.00	Fully Invoiced
SPB Sukoharjo	2026-09-07 18:20:54	SO/032/08/2026/27218	8695 - 14445 - PT BENGAWAN RETAIL MANDIRI	RITEL MODERN	[B0020040A] BERAS PREMIUM PUNOKAWAN 5 KG	BERAS JADI	Pcs	200.00	200.00	14,700,000.00	14,700,000.00	Fully Invoiced
SPB Sukoharjo	2026-09-07 18:17:11	SO/031/08/2026/27218	8695 - 14445 - PT BENGAWAN RETAIL MANDIRI	RITEL MODERN	[B0020040A] BERAS PREMIUM PUNOKAWAN 5 KG	BERAS JADI	Pcs	200.00	200.00	14,700,000.00	14,700,000.00	Fully Invoiced
SPP Magetan	2026-09-07 18:04:19	SO/042/09/2026/27226	8620 - Perum BULOG	KANCAB/KANWIL	[B0020040A] BERAS PREMIUM PUNOKAWAN 5 KG	BERAS JADI	Pcs	400.00	400.00	29,498,000.00	29,498,000.00	Fully Invoiced
SPB Sukoharjo	2026-09-07 17:36:55	SO/030/08/2026/27218	8693 - 14454 - MTI_CV LARIS PUTRA SEJATI(SWALAYAN LARIS AMBARAWA)	RITEL MODERN	[B0020185A] BERAS PREMIUM BEFOOD PUNOKAWAN 10 KG	BERAS JADI	Pcs	30.00	30.00	4,410,000.00	4,410,000.00	Fully Invoiced
SPB Sukoharjo	2026-09-07 17:36:55	SO/030/08/2026/27218	8693 - 14454 - MTI_CV LARIS PUTRA SEJATI(SWALAYAN LARIS AMBARAWA)	RITEL MODERN	[B0020040A] BERAS PREMIUM PUNOKAWAN 5 KG	BERAS JADI	Pcs	720.00	720.00	52,920,000.00	52,920,000.00	Fully Invoiced
SPB Sukoharjo	2026-09-07 17:36:55	SO/030/08/2026/27218	8693 - 14454 - MTI_CV LARIS PUTRA SEJATI(SWALAYAN LARIS AMBARAWA)	RITEL MODERN	[B0020049A] BERAS PREMIUM BEFOOD SETRA RAMOS 5 KG	BERAS JADI	Pcs	720.00	720.00	52,920,000.00	52,920,000.00	Fully Invoiced
SPB Sukoharjo	2026-09-07 17:21:45	SO/029/08/2026/27218	8694 - 14450 - MTI_PT ANEKA JAYA RITELINDO	RITEL MODERN	[B0020049A] BERAS PREMIUM BEFOOD SETRA RAMOS 5 KG	BERAS JADI	Pcs	200.00	200.00	14,700,000.00	14,700,000.00	Fully Invoiced
SPB Sukoharjo	2026-09-07 17:21:45	SO/029/08/2026/27218	8694 - 14450 - MTI_PT ANEKA JAYA RITELINDO	RITEL MODERN	[B0020040A] BERAS PREMIUM PUNOKAWAN 5 KG	BERAS JADI	Pcs	600.00	600.00	44,100,000.00	44,100,000.00	Fully Invoiced
SPB Sukoharjo	2026-09-07 17:21:45	SO/029/08/2026/27218	8694 - 14450 - MTI_PT ANEKA JAYA RITELINDO	RITEL MODERN	[B0020185A] BERAS PREMIUM BEFOOD PUNOKAWAN 10 KG	BERAS JADI	Pcs	50.00	50.00	7,375,000.00	7,375,000.00	Fully Invoiced
SPB Sukoharjo	2026-09-07 17:19:56	SO/028/08/2026/27218	8694 - 14450 - MTI_PT ANEKA JAYA RITELINDO	RITEL MODERN	[B0020185A] BERAS PREMIUM BEFOOD PUNOKAWAN 10 KG	BERAS JADI	Pcs	50.00	50.00	7,375,000.00	7,375,000.00	Fully Invoiced
SPB Sukoharjo	2026-09-07 17:19:56	SO/028/08/2026/27218	8694 - 14450 - MTI_PT ANEKA JAYA RITELINDO	RITEL MODERN	[B0020049A] BERAS PREMIUM BEFOOD SETRA RAMOS 5 KG	BERAS JADI	Pcs	200.00	200.00	14,700,000.00	14,700,000.00	Fully Invoiced
SPB Sukoharjo	2026-09-07 17:19:56	SO/028/08/2026/27218	8694 - 14450 - MTI_PT ANEKA JAYA RITELINDO	RITEL MODERN	[B0020040A] BERAS PREMIUM PUNOKAWAN 5 KG	BERAS JADI	Pcs	600.00	600.00	44,100,000.00	44,100,000.00	Fully Invoiced
SPB Sukoharjo	2026-09-07 17:18:10	SO/027/08/2026/27218	8689 - 14483 - PT. Ramai Santoso Sejahtera (Ramai Ungaran)	RITEL MODERN	[B0020040A] BERAS PREMIUM PUNOKAWAN 5 KG	BERAS JADI	Pcs	400.00	400.00	29,400,000.00	29,400,000.00	Fully Invoiced
SPB Sukoharjo	2026-09-07 17:12:08	SO/026/08/2026/27218	8694 - 14450 - MTI_PT ANEKA JAYA RITELINDO	RITEL MODERN	[B0020040A] BERAS PREMIUM PUNOKAWAN 5 KG	BERAS JADI	Pcs	1,000.00	1,000.00	73,500,000.00	73,500,000.00	Fully Invoiced
SPB Sukoharjo	2026-09-07 17:12:08	SO/026/08/2026/27218	8694 - 14450 - MTI_PT ANEKA JAYA RITELINDO	RITEL MODERN	[B0020049A] BERAS PREMIUM BEFOOD SETRA RAMOS 5 KG	BERAS JADI	Pcs	200.00	200.00	14,700,000.00	14,700,000.00	Fully Invoiced
SPB Sukoharjo	2026-09-07 17:09:01	SO/025/08/2026/27218	8732 - 14451 - CV. Tekun Jaya (Goori Ngaliyan & Gunungpati)	RITEL MODERN	[B0020049A] BERAS PREMIUM BEFOOD SETRA RAMOS 5 KG	BERAS JADI	Pcs	500.00	500.00	37,000,000.00	37,000,000.00	Fully Invoiced
SPB Sukoharjo	2026-09-07 17:09:01	SO/025/08/2026/27218	8732 - 14451 - CV. Tekun Jaya (Goori Ngaliyan & Gunungpati)	RITEL MODERN	[B0020040A] BERAS PREMIUM PUNOKAWAN 5 KG	BERAS JADI	Pcs	1,000.00	1,000.00	74,000,000.00	74,000,000.00	Fully Invoiced
SPB Sukoharjo	2026-09-07 17:07:27	SO/024/08/2026/27218	8723 - 14484 - PT ADAPERKASA SAHITAGUNA	RITEL MODERN	[B0020185A] BERAS PREMIUM BEFOOD PUNOKAWAN 10 KG	BERAS JADI	Pcs	50.00	50.00	7,350,000.00	7,350,000.00	Fully Invoiced
SPB Sukoharjo	2026-09-07 17:07:27	SO/024/08/2026/27218	8723 - 14484 - PT ADAPERKASA SAHITAGUNA	RITEL MODERN	[B0020040A] BERAS PREMIUM PUNOKAWAN 5 KG	BERAS JADI	Pcs	200.00	200.00	14,800,000.00	14,800,000.00	Fully Invoiced
SPB Sukoharjo	2026-09-07 17:07:27	SO/024/08/2026/27218	8723 - 14484 - PT ADAPERKASA SAHITAGUNA	RITEL MODERN	[B0020049A] BERAS PREMIUM BEFOOD SETRA RAMOS 5 KG	BERAS JADI	Pcs	200.00	200.00	14,800,000.00	14,800,000.00	Fully Invoiced
SPB Sukoharjo	2026-09-07 16:42:24	SO/023/08/2026/27218	8723 - 14484 - PT ADAPERKASA SAHITAGUNA	RITEL MODERN	[B0020040A] BERAS PREMIUM PUNOKAWAN 5 KG	BERAS JADI	Pcs	650.00	650.00	48,100,000.00	48,100,000.00	Fully Invoiced
SPB Sukoharjo	2026-09-07 16:42:24	SO/023/08/2026/27218	8723 - 14484 - PT ADAPERKASA SAHITAGUNA	RITEL MODERN	[B0020049A] BERAS PREMIUM BEFOOD SETRA RAMOS 5 KG	BERAS JADI	Pcs	650.00	650.00	48,100,000.00	48,100,000.00	Fully Invoiced
SPB Sukoharjo	2026-09-07 16:42:24	SO/023/08/2026/27218	8723 - 14484 - PT ADAPERKASA SAHITAGUNA	RITEL MODERN	[B0020185A] BERAS PREMIUM BEFOOD PUNOKAWAN 10 KG	BERAS JADI	Pcs	99.00	99.00	14,553,000.00	14,553,000.00	Fully Invoiced
SPB Sukoharjo	2026-09-07 16:29:07	SO/022/08/2026/27218	8723 - 14484 - PT ADAPERKASA SAHITAGUNA	RITEL MODERN	[B0020040A] BERAS PREMIUM PUNOKAWAN 5 KG	BERAS JADI	Pcs	900.00	900.00	66,600,000.00	66,600,000.00	Fully Invoiced
SPB Sukoharjo	2026-09-07 16:29:07	SO/022/08/2026/27218	8723 - 14484 - PT ADAPERKASA SAHITAGUNA	RITEL MODERN	[B0020185A] BERAS PREMIUM BEFOOD PUNOKAWAN 10 KG	BERAS JADI	Pcs	100.00	100.00	14,700,000.00	14,700,000.00	Fully Invoiced
SPB Sukoharjo	2026-09-07 16:29:07	SO/022/08/2026/27218	8723 - 14484 - PT ADAPERKASA SAHITAGUNA	RITEL MODERN	[B0020049A] BERAS PREMIUM BEFOOD SETRA RAMOS 5 KG	BERAS JADI	Pcs	900.00	900.00	66,600,000.00	66,600,000.00	Fully Invoiced
SPB Sukoharjo	2026-09-07 15:59:06	SO/020/08/2026/27218	8731 - 14447 - CV. LARIS ADI SEJATI (LARIS SUKOHARJO DAN KARTASURA)	RITEL MODERN	[B0020049A] BERAS PREMIUM BEFOOD SETRA RAMOS 5 KG	BERAS JADI	Pcs	200.00	200.00	14,700,000.00	14,700,000.00	Fully Invoiced
SPB Sukoharjo	2026-09-07 15:59:06	SO/020/08/2026/27218	8731 - 14447 - CV. LARIS ADI SEJATI (LARIS SUKOHARJO DAN KARTASURA)	RITEL MODERN	[B0020040A] BERAS PREMIUM PUNOKAWAN 5 KG	BERAS JADI	Pcs	200.00	200.00	14,700,000.00	14,700,000.00	Fully Invoiced
SPB Sukoharjo	2026-09-07 15:59:06	SO/020/08/2026/27218	8731 - 14447 - CV. LARIS ADI SEJATI (LARIS SUKOHARJO DAN KARTASURA)	RITEL MODERN	[B0020185A] BERAS PREMIUM BEFOOD PUNOKAWAN 10 KG	BERAS JADI	Pcs	10.00	10.00	1,475,000.00	1,475,000.00	Fully Invoiced
SPP Kendal	2026-09-07 15:39:37	SO/066/09/2026/27221	8669 - Mohamad Sahidin	PETERNAKAN	[C0250001A] BEKATUL	PRODUK SAMPINGAN	kg	12,075.00	12,075.00	63,997,500.00	57,655,405.41	Fully Invoiced
SPB Sukoharjo	2026-09-07 15:30:00	SO/018/08/2026/27218	8694 - 14450 - MTI_PT ANEKA JAYA RITELINDO	RITEL MODERN	[B0020185A] BERAS PREMIUM BEFOOD PUNOKAWAN 10 KG	BERAS JADI	Pcs	15.00	15.00	2,212,500.00	2,212,500.00	Fully Invoiced
SPB Sukoharjo	2026-09-07 15:30:00	SO/018/08/2026/27218	8694 - 14450 - MTI_PT ANEKA JAYA RITELINDO	RITEL MODERN	[B0020040A] BERAS PREMIUM PUNOKAWAN 5 KG	BERAS JADI	Pcs	150.00	150.00	11,025,000.00	11,025,000.00	Fully Invoiced
SPB Sukoharjo	2026-09-07 15:30:00	SO/018/08/2026/27218	8694 - 14450 - MTI_PT ANEKA JAYA RITELINDO	RITEL MODERN	[B0020049A] BERAS PREMIUM BEFOOD SETRA RAMOS 5 KG	BERAS JADI	Pcs	150.00	150.00	11,025,000.00	11,025,000.00	Fully Invoiced
SPB Makassar	2026-09-07 15:08:37	SO/176/09/2026/27306	14614 - RPK TOKO ANUGRAH	TOKO/AGEN	[B0020168A] BERAS PREMIUM MALLOPI 25 KG	BERAS JADI	Pcs	5.00	5.00	1,837,500.00	1,837,500.00	Fully Invoiced
SPB Makassar	2026-09-07 15:08:37	SO/176/09/2026/27306	14614 - RPK TOKO ANUGRAH	TOKO/AGEN	[B0020167A] BERAS PREMIUM MALLOPI 10 KG	BERAS JADI	Pcs	15.00	15.00	2,205,000.00	2,205,000.00	Fully Invoiced
SPB Makassar	2026-09-07 15:08:37	SO/176/09/2026/27306	14614 - RPK TOKO ANUGRAH	TOKO/AGEN	[B0020190A] BERAS PREMIUM BEFOOD MALLOPI 5 KG	BERAS JADI	Pcs	10.00	10.00	735,000.00	735,000.00	Fully Invoiced
SPB Makassar	2026-09-07 15:08:37	SO/176/09/2026/27306	14614 - RPK TOKO ANUGRAH	TOKO/AGEN	[B0020049A] BERAS PREMIUM BEFOOD SETRA RAMOS 5 KG	BERAS JADI	Pcs	5.00	5.00	367,500.00	367,500.00	Fully Invoiced
SPB Sukoharjo	2026-09-07 15:04:34	SO/017/08/2026/27218	8694 - 14450 - MTI_PT ANEKA JAYA RITELINDO	RITEL MODERN	[B0020185A] BERAS PREMIUM BEFOOD PUNOKAWAN 10 KG	BERAS JADI	Pcs	15.00	15.00	2,212,500.00	2,212,500.00	Fully Invoiced
SPB Sukoharjo	2026-09-07 15:04:34	SO/017/08/2026/27218	8694 - 14450 - MTI_PT ANEKA JAYA RITELINDO	RITEL MODERN	[B0020040A] BERAS PREMIUM PUNOKAWAN 5 KG	BERAS JADI	Pcs	500.00	500.00	36,750,000.00	36,750,000.00	Fully Invoiced
SPB Sukoharjo	2026-09-07 15:04:34	SO/017/08/2026/27218	8694 - 14450 - MTI_PT ANEKA JAYA RITELINDO	RITEL MODERN	[B0020049A] BERAS PREMIUM BEFOOD SETRA RAMOS 5 KG	BERAS JADI	Pcs	300.00	300.00	22,050,000.00	22,050,000.00	Fully Invoiced
SPP Banyuwangi	2026-09-07 14:59:01	SO/011/09/2026/27225	8620 - Perum BULOG	KANCAB/KANWIL	[MKLN001] Jasa Maklon	SERVICES	kg	0.00	559,720.00	83,958,000.00	83,958,000.00	Fully Invoiced
SPB Sukoharjo	2026-09-07 14:50:55	SO/016/08/2026/27218	8694 - 14450 - MTI_PT ANEKA JAYA RITELINDO	RITEL MODERN	[B0020040A] BERAS PREMIUM PUNOKAWAN 5 KG	BERAS JADI	Pcs	250.00	250.00	18,375,000.00	18,375,000.00	Fully Invoiced
SPB Sukoharjo	2026-09-07 14:50:55	SO/016/08/2026/27218	8694 - 14450 - MTI_PT ANEKA JAYA RITELINDO	RITEL MODERN	[B0020185A] BERAS PREMIUM BEFOOD PUNOKAWAN 10 KG	BERAS JADI	Pcs	10.00	10.00	1,475,000.00	1,475,000.00	Fully Invoiced
SPB Sukoharjo	2026-09-07 14:50:55	SO/016/08/2026/27218	8694 - 14450 - MTI_PT ANEKA JAYA RITELINDO	RITEL MODERN	[B0020049A] BERAS PREMIUM BEFOOD SETRA RAMOS 5 KG	BERAS JADI	Pcs	150.00	150.00	11,025,000.00	11,025,000.00	Fully Invoiced
SPB Sukoharjo	2026-09-07 14:46:00	SO/015/08/2026/27218	8750 - CV. Sumber Loh Jinawi (Goori Demak)	RITEL MODERN	[B0020049A] BERAS PREMIUM BEFOOD SETRA RAMOS 5 KG	BERAS JADI	Pcs	200.00	200.00	14,800,000.00	14,800,000.00	Fully Invoiced
SPB Sukoharjo	2026-09-07 14:46:00	SO/015/08/2026/27218	8750 - CV. Sumber Loh Jinawi (Goori Demak)	RITEL MODERN	[B0020040A] BERAS PREMIUM PUNOKAWAN 5 KG	BERAS JADI	Pcs	400.00	400.00	29,600,000.00	29,600,000.00	Fully Invoiced
SPP Banyuwangi	2026-09-07 14:45:38	SO/010/09/2026/27225	8620 - Perum BULOG	KANCAB/KANWIL	[MKLN001] Jasa Maklon	SERVICES	kg	0.00	156,450.00	56,020,550.00	56,020,550.00	Fully Invoiced
SPB Makassar	2026-09-07 14:37:25	SO/174/09/2026/27306	13784 - PT. SINAR ALAM KARUNIA CEMERLANG	RITEL MODERN	[B0020190A] BERAS PREMIUM BEFOOD MALLOPI 5 KG	BERAS JADI	Pcs	200.00	200.00	14,700,000.00	14,700,000.00	Fully Invoiced
SPB Makassar	2026-09-07 14:37:25	SO/174/09/2026/27306	13784 - PT. SINAR ALAM KARUNIA CEMERLANG	RITEL MODERN	[B0020167A] BERAS PREMIUM MALLOPI 10 KG	BERAS JADI	Pcs	20.00	20.00	2,940,000.00	2,940,000.00	Fully Invoiced
SPB Makassar	2026-09-07 14:37:25	SO/174/09/2026/27306	13784 - PT. SINAR ALAM KARUNIA CEMERLANG	RITEL MODERN	[B0020168A] BERAS PREMIUM MALLOPI 25 KG	BERAS JADI	Pcs	70.00	70.00	25,725,000.00	25,725,000.00	Fully Invoiced
SPB Sukoharjo	2026-09-07 14:18:48	SO/014/08/2026/27218	8747 - 14456 - CV. Terus Mengalir (Goori Jatisari)	RITEL MODERN	[B0020040A] BERAS PREMIUM PUNOKAWAN 5 KG	BERAS JADI	Pcs	500.00	500.00	37,000,000.00	37,000,000.00	Fully Invoiced
SPB Makassar	2026-09-07 14:10:41	SO/172/09/2026/27306	13784 - PT. SINAR ALAM KARUNIA CEMERLANG	RITEL MODERN	[B0020167A] BERAS PREMIUM MALLOPI 10 KG	BERAS JADI	Pcs	20.00	20.00	2,940,000.00	2,940,000.00	Fully Invoiced
SPB Makassar	2026-09-07 14:10:41	SO/172/09/2026/27306	13784 - PT. SINAR ALAM KARUNIA CEMERLANG	RITEL MODERN	[B0020190A] BERAS PREMIUM BEFOOD MALLOPI 5 KG	BERAS JADI	Pcs	100.00	100.00	7,350,000.00	7,350,000.00	Fully Invoiced
SPB Makassar	2026-09-07 14:10:41	SO/172/09/2026/27306	13784 - PT. SINAR ALAM KARUNIA CEMERLANG	RITEL MODERN	[B0020168A] BERAS PREMIUM MALLOPI 25 KG	BERAS JADI	Pcs	100.00	100.00	36,750,000.00	36,750,000.00	Fully Invoiced
SPP Magetan	2026-09-07 14:07:56	SO/041/09/2026/27226	8620 - Perum BULOG	KANCAB/KANWIL	[B0020049A] BERAS PREMIUM BEFOOD SETRA RAMOS 5 KG	BERAS JADI	Pcs	500.00	500.00	36,912,500.00	36,912,500.00	Fully Invoiced
UP Candirejo	2026-09-07 13:55:50	SO/011/09/2026/27213	3769 - Purwandi	PERORANGAN	[A0052001A] GKG	GKG	kg	511.00	511.00	4,905,600.00	4,905,600.00	Fully Invoiced
SPB Sukoharjo	2026-09-07 13:48:35	SO/013/08/2026/27218	8896 - 14396 - PT LION SUPER INDO DC CIKARANG	RITEL MODERN	[B0020189A] BERAS PREMIUM 365 PULEN WANGI 5 KG	BERAS JADI	Pcs	5,000.00	5,000.00	366,232,500.00	366,232,500.00	Fully Invoiced
SPB Makassar	2026-09-07 13:41:05	SO/169/09/2026/27306	13786 - CV SALAM SUKSES MANDIRI	RITEL MODERN	[B0020168A] BERAS PREMIUM MALLOPI 25 KG	BERAS JADI	Pcs	50.00	50.00	18,375,000.00	18,375,000.00	Fully Invoiced
SPP Banyuwangi	2026-09-07 13:39:46	SO/008/08/2026/27225	13832 - IDM_PT INDOMARCO PRISMATAMA DC JEMBER	RITEL MODERN	[B0020049A] BERAS PREMIUM BEFOOD SETRA RAMOS 5 KG	BERAS JADI	Pcs	2,000.00	2,000.00	148,000,000.00	148,000,000.00	Fully Invoiced
SPB Sukoharjo	2026-09-07 13:34:04	SO/012/08/2026/27218	8896 - 14396 - PT LION SUPER INDO DC CIKARANG	RITEL MODERN	[B0020189A] BERAS PREMIUM 365 PULEN WANGI 5 KG	BERAS JADI	Pcs	5,000.00	5,000.00	366,232,500.00	366,232,500.00	Fully Invoiced
SPB Makassar	2026-09-07 13:24:04	SO/168/09/2026/27306	14615 - PT. CITRA RETAILINDO UMUM	RITEL MODERN	[B0020190A] BERAS PREMIUM BEFOOD MALLOPI 5 KG	BERAS JADI	Pcs	60.00	60.00	4,410,000.00	4,410,000.00	Fully Invoiced
SPB Makassar	2026-09-07 13:21:01	SO/163/09/2026/27306	13427 - PT. MISI PASARAYA INDONESIA	RITEL MODERN	[B0020167A] BERAS PREMIUM MALLOPI 10 KG	BERAS JADI	Pcs	50.00	50.00	7,350,000.00	7,350,000.00	Fully Invoiced
SPB Makassar	2026-09-07 13:21:01	SO/163/09/2026/27306	13427 - PT. MISI PASARAYA INDONESIA	RITEL MODERN	[B0020040A] BERAS PREMIUM PUNOKAWAN 5 KG	BERAS JADI	Pcs	50.00	50.00	3,675,000.00	3,675,000.00	Fully Invoiced
SPB Makassar	2026-09-07 13:21:01	SO/163/09/2026/27306	13427 - PT. MISI PASARAYA INDONESIA	RITEL MODERN	[B0020168A] BERAS PREMIUM MALLOPI 25 KG	BERAS JADI	Pcs	20.00	20.00	7,350,000.00	7,350,000.00	Fully Invoiced
SPB Makassar	2026-09-07 13:10:00	SO/167/09/2026/27306	13723 - PT SUPRA BOGA LESTARI TBK (FARMERS MARKET MAKASSAR)	RITEL MODERN	[B0020185A] BERAS PREMIUM BEFOOD PUNOKAWAN 10 KG	BERAS JADI	Pcs	50.00	50.00	7,350,000.00	7,350,000.00	Fully Invoiced
UP Candirejo	2026-09-07 12:58:27	SO/010/09/2026/27213	3769 - Purwandi	PERORANGAN	[A0040035A] BERAS BAHAN BAKU BERAS PECAH KULIT POLOS 50 KG	BERAS BAHAN BAKU	Pcs	8.00	8.00	4,880,000.00	4,880,000.00	Fully Invoiced
SPB Makassar	2026-09-07 12:55:22	SO/166/09/2026/27306	13723 - PT SUPRA BOGA LESTARI TBK (FARMERS MARKET MAKASSAR)	RITEL MODERN	[B0020185A] BERAS PREMIUM BEFOOD PUNOKAWAN 10 KG	BERAS JADI	Pcs	20.00	20.00	2,940,000.00	2,940,000.00	Fully Invoiced
UP Candirejo	2026-09-07 12:44:30	SO/009/09/2026/27213	8851 - M. Abdul Azis	PERORANGAN	[C0230001A] BROKEN	PRODUK SAMPINGAN	kg	413.00	413.00	4,047,400.00	4,047,400.00	Fully Invoiced
SPB Makassar	2026-09-07 12:24:53	SO/165/09/2026/27306	14553 - ALWI	PERORANGAN	[B0020040A] BERAS PREMIUM PUNOKAWAN 5 KG	BERAS JADI	Pcs	6.00	6.00	441,000.00	441,000.00	Fully Invoiced
SPB Makassar	2026-09-07 12:24:53	SO/165/09/2026/27306	14553 - ALWI	PERORANGAN	[B0020190A] BERAS PREMIUM BEFOOD MALLOPI 5 KG	BERAS JADI	Pcs	4.00	4.00	294,000.00	294,000.00	Fully Invoiced
SPB Makassar	2026-09-07 12:24:53	SO/165/09/2026/27306	14553 - ALWI	PERORANGAN	[B0020168A] BERAS PREMIUM MALLOPI 25 KG	BERAS JADI	Pcs	39.00	39.00	14,332,500.00	14,332,500.00	Fully Invoiced
SPB Makassar	2026-09-07 12:24:53	SO/165/09/2026/27306	14553 - ALWI	PERORANGAN	[B0020049A] BERAS PREMIUM BEFOOD SETRA RAMOS 5 KG	BERAS JADI	Pcs	6.00	6.00	441,000.00	441,000.00	Fully Invoiced
UP Candirejo	2026-09-07 12:14:54	SO/008/09/2026/27213	8851 - M. Abdul Azis	PERORANGAN	[C0250001A] BEKATUL	PRODUK SAMPINGAN	kg	934.00	934.00	3,922,800.00	3,534,054.05	Fully Invoiced
SPB Makassar	2026-09-07 12:04:06	SO/162/09/2026/27306	13427 - PT. MISI PASARAYA INDONESIA	RITEL MODERN	[B0020190A] BERAS PREMIUM BEFOOD MALLOPI 5 KG	BERAS JADI	Pcs	100.00	100.00	7,350,000.00	7,350,000.00	Fully Invoiced
SPB Makassar	2026-09-07 12:04:06	SO/162/09/2026/27306	13427 - PT. MISI PASARAYA INDONESIA	RITEL MODERN	[B0020168A] BERAS PREMIUM MALLOPI 25 KG	BERAS JADI	Pcs	3.00	3.00	1,102,500.00	1,102,500.00	Fully Invoiced
SPB Makassar	2026-09-07 12:04:06	SO/162/09/2026/27306	13427 - PT. MISI PASARAYA INDONESIA	RITEL MODERN	[B0020167A] BERAS PREMIUM MALLOPI 10 KG	BERAS JADI	Pcs	10.00	10.00	1,470,000.00	1,470,000.00	Fully Invoiced
UP Candirejo	2026-09-07 12:00:54	SO/007/09/2026/27213	8839 - Sri Widarti	PERORANGAN	[B0020009A] BERAS PREMIUM CANDI MULYO 5 KG	BERAS JADI	Pcs	403.00	403.00	29,419,000.00	29,419,000.00	Fully Invoiced
UP Candirejo	2026-09-07 12:00:54	SO/007/09/2026/27213	8839 - Sri Widarti	PERORANGAN	[B0020169A] BERAS PREMIUM CANDI MULYO 25 KG	BERAS JADI	Pcs	1.00	1.00	360,000.00	360,000.00	Fully Invoiced
UP Candirejo	2026-09-07 11:45:56	SO/006/09/2026/27213	8620 - Perum BULOG	KANCAB/KANWIL	[B0020169A] BERAS PREMIUM CANDI MULYO 25 KG	BERAS JADI	Pcs	80.00	80.00	28,800,000.00	28,800,000.00	Fully Invoiced
SPB Makassar	2026-09-07 11:33:46	SO/164/09/2026/27306	13258 - UD EKTONG	RITEL MODERN	[B0020168A] BERAS PREMIUM MALLOPI 25 KG	BERAS JADI	Pcs	20.00	20.00	7,350,000.00	7,350,000.00	Fully Invoiced
SPB Makassar	2026-09-07 11:33:46	SO/164/09/2026/27306	13258 - UD EKTONG	RITEL MODERN	[B0020190A] BERAS PREMIUM BEFOOD MALLOPI 5 KG	BERAS JADI	Pcs	100.00	100.00	7,350,000.00	7,350,000.00	Fully Invoiced
SPB Makassar	2026-09-07 11:33:46	SO/164/09/2026/27306	13258 - UD EKTONG	RITEL MODERN	[B0020167A] BERAS PREMIUM MALLOPI 10 KG	BERAS JADI	Pcs	50.00	50.00	7,350,000.00	7,350,000.00	Fully Invoiced
SPB Makassar	2026-09-07 10:50:32	SO/160/09/2026/27306	8788 - RPK KIOS SALSABILA	TOKO/AGEN	[B0020190A] BERAS PREMIUM BEFOOD MALLOPI 5 KG	BERAS JADI	Pcs	40.00	40.00	2,940,000.00	2,940,000.00	Fully Invoiced
SPB Makassar	2026-09-07 10:50:32	SO/160/09/2026/27306	8788 - RPK KIOS SALSABILA	TOKO/AGEN	[B0020049A] BERAS PREMIUM BEFOOD SETRA RAMOS 5 KG	BERAS JADI	Pcs	4.00	4.00	294,000.00	294,000.00	Fully Invoiced
SPB Makassar	2026-09-07 10:50:32	SO/160/09/2026/27306	8788 - RPK KIOS SALSABILA	TOKO/AGEN	[B0020185A] BERAS PREMIUM BEFOOD PUNOKAWAN 10 KG	BERAS JADI	Pcs	5.00	5.00	735,000.00	735,000.00	Fully Invoiced
SPB Makassar	2026-09-07 10:50:32	SO/160/09/2026/27306	8788 - RPK KIOS SALSABILA	TOKO/AGEN	[B0020040A] BERAS PREMIUM PUNOKAWAN 5 KG	BERAS JADI	Pcs	14.00	14.00	1,029,000.00	1,029,000.00	Fully Invoiced
SPB Makassar	2026-09-07 10:50:32	SO/160/09/2026/27306	8788 - RPK KIOS SALSABILA	TOKO/AGEN	[B0020167A] BERAS PREMIUM MALLOPI 10 KG	BERAS JADI	Pcs	6.00	6.00	882,000.00	882,000.00	Fully Invoiced
UP Bantul	2026-09-07 10:38:11	SO/006/09/2026/27210	13852 - UD. TUJUH BULIR	PT/CV/SWASTA	[A0040012A] BERAS BAHAN BAKU POLOS MEDIUM 50 KG	BERAS BAHAN BAKU	Pcs	3,200.00	3,200.00	2,000,000,000.00	2,000,000,000.00	Fully Invoiced
UP Bantul	2026-09-07 10:38:11	SO/006/09/2026/27210	13852 - UD. TUJUH BULIR	PT/CV/SWASTA	[B0010037A] BERAS MEDIUM POLOS 25 KG	BERAS JADI	Pcs	120.00	120.00	38,550,000.00	38,550,000.00	Fully Invoiced
UP Bantul	2026-09-07 10:38:11	SO/006/09/2026/27210	13852 - UD. TUJUH BULIR	PT/CV/SWASTA	[B0010020A] BERAS MEDIUM POLOS 50 KG	BERAS JADI	Pcs	884.00	884.00	603,330,000.00	603,330,000.00	Fully Invoiced
SPB Makassar	2026-09-07 10:03:29	SO/159/09/2026/27306	14001 - PT Gelael Indotim Makassar	RITEL MODERN	[B0020185A] BERAS PREMIUM BEFOOD PUNOKAWAN 10 KG	BERAS JADI	Pcs	20.00	20.00	2,940,000.00	2,940,000.00	Fully Invoiced
SPB Makassar	2026-09-07 10:03:29	SO/159/09/2026/27306	14001 - PT Gelael Indotim Makassar	RITEL MODERN	[B0020040A] BERAS PREMIUM PUNOKAWAN 5 KG	BERAS JADI	Pcs	30.00	30.00	2,205,000.00	2,205,000.00	Fully Invoiced
SPB Makassar	2026-09-07 09:24:27	SO/158/09/2026/27306	8644 - PELANGGAN UMUM	PERORANGAN	[B0020168A] BERAS PREMIUM MALLOPI 25 KG	BERAS JADI	Pcs	40.00	40.00	14,700,000.00	14,700,000.00	Fully Invoiced
SPP Bojonegoro	2026-08-31 22:49:10	SO/039/08/2026/27223	13471 - PT Saudara Sejati Sejahtera (Bravo Supermarket)	RITEL MODERN	[B0020049A] BERAS PREMIUM BEFOOD SETRA RAMOS 5 KG	BERAS JADI	Pcs	250.00	250.00	18,375,000.00	18,375,000.00	Fully Invoiced
SPP Bojonegoro	2026-08-31 22:49:10	SO/039/08/2026/27223	13471 - PT Saudara Sejati Sejahtera (Bravo Supermarket)	RITEL MODERN	[B0020040A] BERAS PREMIUM PUNOKAWAN 5 KG	BERAS JADI	Pcs	250.00	250.00	18,375,000.00	18,375,000.00	Fully Invoiced
SPP Bojonegoro	2026-08-31 22:48:58	SO/038/08/2026/27223	13471 - PT Saudara Sejati Sejahtera (Bravo Supermarket)	RITEL MODERN	[B0020040A] BERAS PREMIUM PUNOKAWAN 5 KG	BERAS JADI	Pcs	1,000.00	1,000.00	73,500,000.00	73,500,000.00	Fully Invoiced
SPP Sragen	2026-08-31 21:53:21	SO/056/08/2026/27222	8620 - Perum BULOG	KANCAB/KANWIL	[B0020145A] BERAS PREMIUM BEFOOD SLYP SUPER 5 KG	BERAS JADI	Pcs	600.00	600.00	43,941,000.00	43,941,000.00	Fully Invoiced
SPB Sukoharjo	2026-08-31 21:26:46	SO/050/08/2026/27218	8824 - 9374 - SUPARMAN	PERORANGAN	[C0250001A] BEKATUL	PRODUK SAMPINGAN	kg	21,690.00	21,690.00	88,929,000.00	80,116,216.22	Fully Invoiced
SPB Sukoharjo	2026-08-31 21:22:19	SO/046/08/2026/27218	14578 - ROKHMAT ISKANDAR	PERORANGAN	[B0020186A] BERAS PREMIUM BEFOOD PUNOKAWAN 20 KG	BERAS JADI	Pcs	500.00	500
<truncated 222901 bytes>

NOTE: The output was truncated because it was too long. Use a more targeted query or a smaller range to get the information you need.